,x,y,layer,weight,rho,NH,ClusterNumbers,isOutlier,isSeed,delta
0,-51.86,-64.09,0.0,1.0,16.0,147.0,0.0,0.0,0.0,7.229114745250629
1,98.02,-43.68,0.0,1.0,16.5,572.0,0.0,0.0,0.0,1.8882796403075435
2,-66.32,-35.5,0.0,1.0,27.5,205.0,0.0,0.0,0.0,3.497570585420689
3,-52.16,-34.61,0.0,1.0,18.5,199.0,0.0,0.0,0.0,0.4049691346263378
4,-82.97,-17.03,0.0,1.0,25.5,541.0,0.0,0.0,0.0,2.7600724628168782
5,203.35,-169.41,0.0,1.0,10.0,770.0,0.0,0.0,0.0,1.5316004700965598
6,-112.11,49.06,0.0,1.0,16.0,40.0,0.0,0.0,0.0,4.110012165432117
7,-113.16,37.12,0.0,1.0,21.5,78.0,0.0,0.0,0.0,1.0301941564578991
8,-138.47,46.45,0.0,1.0,13.0,798.0,0.0,0.0,0.0,5.057509268404763
9,-44.06,64.05,0.0,1.0,28.5,569.0,0.0,0.0,0.0,9.522709698399925
10,94.22,-20.92,0.0,1.0,10.5,830.0,0.0,0.0,0.0,4.900255095400644
11,-84.75,133.21,0.0,1.0,17.0,27.0,0.0,0.0,0.0,4.181196001146082
12,140.41,-104.58,0.0,1.0,29.5,50.0,0.0,0.0,0.0,2.4598577194626547
13,-35.76,58.94,0.0,1.0,23.0,463.0,0.0,0.0,0.0,1.4326548781894417
14,102.94,-82.95,0.0,1.0,15.0,681.0,0.0,0.0,0.0,4.5265107975128
15,80.86,-34.46,0.0,1.0,13.5,776.0,0.0,0.0,0.0,11.30950485211444
16,-100.0,80.77,0.0,1.0,3.5,120.0,0.0,0.0,0.0,12.362803080207982
17,-78.36,84.35,0.0,1.0,20.5,68.0,0.0,0.0,0.0,2.3138712150852285
18,-55.8,-55.98,0.0,1.0,18.5,594.0,0.0,0.0,0.0,1.3649908424601203
19,-19.77,38.46,0.0,1.0,19.0,486.0,0.0,0.0,0.0,8.819081584836372
20,-56.48,90.24,0.0,1.0,26.5,794.0,0.0,0.0,0.0,3.2572534442379566
21,-47.92,-46.33,0.0,1.0,19.0,939.0,0.0,0.0,0.0,5.745694039887609
22,126.97,-104.45,0.0,1.0,24.0,944.0,0.0,0.0,0.0,3.2985148173079497
23,149.97,-123.69,0.0,1.0,24.5,630.0,0.0,0.0,0.0,4.2019519273785075
24,217.48,-230.0,0.0,1.0,4.5,304.0,0.0,0.0,0.0,12.002370599177475
25,-111.73,15.25,0.0,1.0,24.5,660.0,0.0,0.0,0.0,3.4407121355905357
26,220.9,-201.19,0.0,1.0,6.0,393.0,0.0,0.0,0.0,9.983025593476174
27,-88.85,132.39,0.0,1.0,20.0,548.0,0.0,0.0,0.0,5.637463968842737
28,-86.15,106.06,0.0,1.0,30.5,98.0,0.0,0.0,0.0,3.683761664386016
29,92.93,-65.32,0.0,1.0,15.5,54.0,0.0,0.0,0.0,4.574986338777416
30,-120.85,125.69,0.0,1.0,8.5,671.0,0.0,0.0,0.0,5.094722759876146
31,-15.52,-103.58,0.0,1.0,7.5,183.0,0.0,0.0,0.0,6.129681884078487
32,-106.76,31.56,0.0,1.0,22.5,392.0,0.0,0.0,0.0,0.29154759474226427
33,-14.6,-88.63,0.0,1.0,8.5,593.0,0.0,0.0,0.0,4.258121651620587
34,155.79,-138.62,0.0,1.0,24.0,142.0,0.0,0.0,0.0,1.1322985472038722
35,99.85,-71.79,0.0,1.0,18.5,443.0,0.0,0.0,0.0,3.054848605086679
36,190.25,-120.58,0.0,1.0,3.5,799.0,0.0,0.0,0.0,7.295375247374193
37,-63.49,102.82,0.0,1.0,20.5,849.0,0.0,0.0,0.0,3.533185531499861
38,230.0,-199.27,0.0,1.0,4.0,26.0,0.0,0.0,0.0,9.3003440796564
39,-63.56,110.43,0.0,1.0,19.5,433.0,0.0,0.0,0.0,6.794976085314789
40,-110.52,45.27,0.0,1.0,16.5,732.0,0.0,0.0,0.0,5.438428081716259
41,-72.15,81.99,0.0,1.0,26.5,413.0,0.0,0.0,0.0,6.96097694292979
42,-66.18,-31.73,0.0,1.0,29.0,375.0,0.0,0.0,0.0,5.138112493902786
43,-120.88,6.9,0.0,1.0,11.0,320.0,0.0,0.0,0.0,1.3029197979921816
44,-128.22,192.1,0.0,1.0,4.5,184.0,0.0,0.0,0.0,3.279893290947124
45,70.05,-15.09,0.0,1.0,8.5,185.0,0.0,0.0,0.0,8.286132994346646
46,-80.07,-36.27,0.0,1.0,22.5,49.0,0.0,0.0,0.0,1.5908802594790097
47,162.82,-159.14,0.0,1.0,15.5,715.0,0.0,0.0,0.0,4.5435668807666705
48,-62.81,-28.34,0.0,1.0,25.5,42.0,0.0,0.0,0.0,4.780062761094255
49,-80.6,-34.77,0.0,1.0,24.0,169.0,0.0,0.0,0.0,3.919311163967464
50,140.63,-107.03,0.0,1.0,31.0,420.0,0.0,0.0,0.0,6.296229030141765
51,-84.64,113.85,0.0,1.0,32.5,inf,1.0,0.0,1.0,999.0
52,-81.29,-41.67,0.0,1.0,18.0,46.0,0.0,0.0,0.0,5.53609971008471
53,170.95,-133.09,0.0,1.0,24.5,684.0,0.0,0.0,0.0,3.18022011816792
54,96.8,-67.76,0.0,1.0,18.0,430.0,0.0,0.0,0.0,3.6356292440236553
55,150.69,-100.77,0.0,1.0,26.0,857.0,0.0,0.0,0.0,3.220760779691654
56,136.52,-82.59,0.0,1.0,23.5,106.0,0.0,0.0,0.0,4.536794022214383
57,-53.88,-93.49,0.0,1.0,5.0,394.0,0.0,0.0,0.0,8.172563857199288
58,111.88,-72.34,0.0,1.0,26.5,241.0,0.0,0.0,0.0,1.6559287424282518
59,-22.19,54.98,0.0,1.0,16.5,458.0,0.0,0.0,0.0,4.52515193115104
60,-230.0,183.55,0.0,1.0,1.0,inf,0.0,1.0,0.0,999.0
61,-171.52,209.65,0.0,1.0,2.0,170.0,0.0,0.0,0.0,19.0174025566059
62,-95.4,116.31,0.0,1.0,30.0,887.0,0.0,0.0,0.0,1.382931668593922
63,171.87,-154.07,0.0,1.0,23.5,195.0,0.0,0.0,0.0,4.758844397540226
64,212.29,-207.81,0.0,1.0,7.5,860.0,0.0,0.0,0.0,23.687840762720434
65,-52.94,62.23,0.0,1.0,28.0,569.0,0.0,0.0,0.0,4.566311421705717
66,-61.04,70.29,0.0,1.0,26.0,698.0,0.0,0.0,0.0,1.8023595645708375
67,199.62,-184.85,0.0,1.0,11.0,131.0,0.0,0.0,0.0,5.16577196554397
68,-76.12,84.93,0.0,1.0,22.5,627.0,0.0,0.0,0.0,3.6355604794859366
69,-91.81,2.1,0.0,1.0,27.0,138.0,0.0,0.0,0.0,1.2080149005703522
70,202.68,-197.0,0.0,1.0,7.5,860.0,0.0,0.0,0.0,9.292620728298342
71,118.1,-60.92,0.0,1.0,22.0,908.0,0.0,0.0,0.0,3.6011803620479745
72,180.8,-171.59,0.0,1.0,16.5,714.0,0.0,0.0,0.0,4.384632253678743
73,-60.51,-39.4,0.0,1.0,27.5,579.0,0.0,0.0,0.0,8.948262401159239
74,101.23,-55.43,0.0,1.0,21.0,802.0,0.0,0.0,0.0,2.3509147155947616
75,-105.51,118.75,0.0,1.0,21.5,404.0,0.0,0.0,0.0,4.262980178232126
76,141.77,-104.55,0.0,1.0,28.5,982.0,0.0,0.0,0.0,0.1599999999999966
77,-91.11,99.0,0.0,1.0,22.0,902.0,0.0,0.0,0.0,3.6529713932632957
78,-112.13,37.14,0.0,1.0,22.0,666.0,0.0,0.0,0.0,5.34161024411179
79,-71.94,113.1,0.0,1.0,22.5,730.0,0.0,0.0,0.0,3.114000642260702
80,-38.06,-40.28,0.0,1.0,10.0,995.0,0.0,0.0,0.0,5.230038240777974
81,143.4,-96.85,0.0,1.0,30.0,951.0,0.0,0.0,0.0,5.364196118711539
82,-55.66,-26.84,0.0,1.0,17.0,448.0,0.0,0.0,0.0,2.059150310200793
83,127.3,-85.59,0.0,1.0,28.5,483.0,0.0,0.0,0.0,3.1940100187695095
84,-154.24,200.73,0.0,1.0,3.0,665.0,0.0,0.0,0.0,19.656278895050306
85,-118.65,39.96,0.0,1.0,20.5,586.0,0.0,0.0,0.0,4.520895928906123
86,137.35,-79.21,0.0,1.0,20.0,957.0,0.0,0.0,0.0,2.5948024973011004
87,143.92,-114.36,0.0,1.0,28.0,778.0,0.0,0.0,0.0,6.325037549295635
88,-91.14,-36.19,0.0,1.0,14.5,721.0,0.0,0.0,0.0,3.5262586405424066
89,-125.75,187.29,0.0,1.0,5.5,801.0,0.0,0.0,0.0,23.307337900326576
90,-52.51,76.8,0.0,1.0,30.0,168.0,0.0,0.0,0.0,3.1760510071470835
91,-131.8,67.52,0.0,1.0,6.5,436.0,0.0,0.0,0.0,4.6772320874636915
92,-76.23,-17.92,0.0,1.0,24.0,4.0,0.0,0.0,0.0,6.798507189082022
93,-17.33,24.84,0.0,1.0,17.5,744.0,0.0,0.0,0.0,1.1868024266911477
94,191.11,-168.86,0.0,1.0,16.5,408.0,0.0,0.0,0.0,3.4102345960358766
95,-82.04,-40.82,0.0,1.0,18.0,46.0,0.0,0.0,0.0,4.958164983136405
96,100.96,-60.54,0.0,1.0,22.5,509.0,0.0,0.0,0.0,2.823065709472595
97,-142.19,32.59,0.0,1.0,9.5,785.0,0.0,0.0,0.0,6.802095265431081
98,-83.05,108.05,0.0,1.0,31.5,51.0,0.0,0.0,0.0,6.013992018617914
99,-23.45,66.67,0.0,1.0,12.0,125.0,0.0,0.0,0.0,4.16472087900258
100,-148.55,23.53,0.0,1.0,3.5,97.0,0.0,0.0,0.0,11.069471532101261
101,-105.85,135.05,0.0,1.0,16.0,552.0,0.0,0.0,0.0,2.583118270617902
102,138.18,-113.96,0.0,1.0,27.0,778.0,0.0,0.0,0.0,4.756563885831864
103,-64.06,67.83,0.0,1.0,22.0,66.0,0.0,0.0,0.0,3.895125158451273
104,-106.38,131.95,0.0,1.0,17.0,640.0,0.0,0.0,0.0,5.288752215787763
105,-56.06,84.46,0.0,1.0,30.0,207.0,0.0,0.0,0.0,3.292005467796185
106,132.29,-84.23,0.0,1.0,27.0,401.0,0.0,0.0,0.0,2.427385424690529
107,124.26,-93.76,0.0,1.0,27.0,775.0,0.0,0.0,0.0,4.606788469204976
108,-95.47,115.94,0.0,1.0,29.5,62.0,0.0,0.0,0.0,0.3765634076752578
109,-23.53,41.16,0.0,1.0,18.0,991.0,0.0,0.0,0.0,3.491847648452034
110,-180.7,104.93,0.0,1.0,6.0,139.0,0.0,0.0,0.0,10.291826854353886
111,-85.8,-5.25,0.0,1.0,27.5,873.0,0.0,0.0,0.0,5.240467536394055
112,-26.73,24.85,0.0,1.0,17.0,913.0,0.0,0.0,0.0,6.847751455769988
113,-64.89,75.58,0.0,1.0,29.5,423.0,0.0,0.0,0.0,7.652326443637915
114,-60.87,-13.2,0.0,1.0,11.0,162.0,0.0,0.0,0.0,0.7382411530116695
115,-163.87,79.32,0.0,1.0,8.5,811.0,0.0,0.0,0.0,6.654780236792198
116,-86.86,-31.41,0.0,1.0,21.0,49.0,0.0,0.0,0.0,7.104730818264692
117,-86.37,0.81,0.0,1.0,26.0,469.0,0.0,0.0,0.0,1.9167159413955925
118,-33.64,65.19,0.0,1.0,22.0,190.0,0.0,0.0,0.0,4.999879998559962
119,-63.19,-24.4,0.0,1.0,20.0,48.0,0.0,0.0,0.0,3.9582824558133805
120,-87.67,81.67,0.0,1.0,10.5,929.0,0.0,0.0,0.0,9.67769084027797
121,-117.32,43.72,0.0,1.0,19.5,85.0,0.0,0.0,0.0,3.9882953752198467
122,181.99,-158.02,0.0,1.0,21.5,710.0,0.0,0.0,0.0,2.925149568825508
123,178.13,-145.21,0.0,1.0,24.0,751.0,0.0,0.0,0.0,6.163870537251741
124,-64.78,-45.07,0.0,1.0,27.5,579.0,0.0,0.0,0.0,6.2130507804137585
125,-24.77,62.72,0.0,1.0,14.0,208.0,0.0,0.0,0.0,6.950460416404083
126,111.58,-51.35,0.0,1.0,17.0,906.0,0.0,0.0,0.0,7.755166020144246
127,-73.88,80.6,0.0,1.0,25.0,41.0,0.0,0.0,0.0,2.219234102117207
128,-176.37,93.61,0.0,1.0,5.5,573.0,0.0,0.0,0.0,5.216991470186634
129,160.25,-153.5,0.0,1.0,21.5,510.0,0.0,0.0,0.0,1.0040418317978679
130,-39.49,51.25,0.0,1.0,24.0,981.0,0.0,0.0,0.0,3.3370795615328124
131,198.58,-179.79,0.0,1.0,14.0,408.0,0.0,0.0,0.0,10.627817273551518
132,152.48,-127.19,0.0,1.0,24.5,821.0,0.0,0.0,0.0,2.179105320997603
133,-38.6,38.92,0.0,1.0,21.0,791.0,0.0,0.0,0.0,3.157483174935374
134,201.67,-204.94,0.0,1.0,6.5,70.0,0.0,0.0,0.0,8.003980259845722
135,-96.05,119.25,0.0,1.0,30.0,887.0,0.0,0.0,0.0,1.6819036833302978
136,-73.91,60.36,0.0,1.0,9.0,959.0,0.0,0.0,0.0,7.361100461208224
137,73.92,-26.84,0.0,1.0,9.5,385.0,0.0,0.0,0.0,6.211803280851709
138,-90.84,1.38,0.0,1.0,27.5,720.0,0.0,0.0,0.0,6.797837891565221
139,-173.01,111.77,0.0,1.0,6.5,643.0,0.0,0.0,0.0,14.07536855645349
140,170.26,-162.94,0.0,1.0,17.5,566.0,0.0,0.0,0.0,3.069609095634161
141,132.31,-89.97,0.0,1.0,30.5,806.0,0.0,0.0,0.0,2.2774108105478095
142,156.49,-139.51,0.0,1.0,24.5,383.0,0.0,0.0,0.0,2.4400204917172292
143,93.18,-50.49,0.0,1.0,17.0,864.0,0.0,0.0,0.0,4.050308630215724
144,33.68,-8.91,0.0,1.0,1.5,846.0,0.0,0.0,0.0,7.123496332560297
145,-66.97,74.23,0.0,1.0,26.5,826.0,0.0,0.0,0.0,2.2917242417009924
146,103.98,-53.21,0.0,1.0,20.0,74.0,0.0,0.0,0.0,3.5342467372836315
147,-58.1,-60.44,0.0,1.0,18.5,650.0,0.0,0.0,0.0,3.3452055243288106
148,-3.85,13.16,0.0,1.0,12.0,633.0,0.0,0.0,0.0,3.695673145720546
149,163.72,-119.44,0.0,1.0,20.0,733.0,0.0,0.0,0.0,7.079039482867712
150,-152.14,88.24,0.0,1.0,8.0,446.0,0.0,0.0,0.0,4.918587195526766
151,-85.56,3.01,0.0,1.0,23.0,117.0,0.0,0.0,0.0,2.344376249666423
152,46.08,36.47,0.0,1.0,2.5,236.0,0.0,0.0,0.0,37.62644947374121
153,-110.59,9.06,0.0,1.0,24.0,390.0,0.0,0.0,0.0,6.109533533748708
154,145.88,-97.93,0.0,1.0,28.5,81.0,0.0,0.0,0.0,2.7049584100314696
155,-31.35,36.26,0.0,1.0,20.0,777.0,0.0,0.0,0.0,4.688123291894104
156,-147.2,70.7,0.0,1.0,9.5,882.0,0.0,0.0,0.0,7.205421569901364
157,172.32,-128.93,0.0,1.0,21.5,53.0,0.0,0.0,0.0,4.379783099652308
158,90.48,-24.17,0.0,1.0,12.5,866.0,0.0,0.0,0.0,2.3771621736852557
159,136.92,-127.1,0.0,1.0,13.5,901.0,0.0,0.0,0.0,7.170676397662913
160,-78.62,99.52,0.0,1.0,31.0,98.0,0.0,0.0,0.0,9.611753221967362
161,150.54,-99.62,0.0,1.0,25.0,55.0,0.0,0.0,0.0,1.1597413504743126
162,-60.22,-13.55,0.0,1.0,11.5,251.0,0.0,0.0,0.0,9.495272507937832
163,-71.52,106.45,0.0,1.0,27.5,505.0,0.0,0.0,0.0,2.9483893908369683
164,-103.24,-7.88,0.0,1.0,25.0,758.0,0.0,0.0,0.0,4.5088912162526125
165,-117.26,26.03,0.0,1.0,22.5,918.0,0.0,0.0,0.0,6.574754748277691
166,-48.51,-76.13,0.0,1.0,12.5,468.0,0.0,0.0,0.0,2.2386156436512303
167,-52.68,36.63,0.0,1.0,9.0,752.0,0.0,0.0,0.0,5.5879334283794035
168,-54.23,79.47,0.0,1.0,32.0,inf,2.0,0.0,1.0,999.0
169,-78.47,-31.48,0.0,1.0,26.0,966.0,0.0,0.0,0.0,3.8885601448351084
170,-152.82,213.11,0.0,1.0,2.5,84.0,0.0,0.0,0.0,12.46117169450773
171,135.09,-102.53,0.0,1.0,31.5,367.0,0.0,0.0,0.0,6.640067770738489
172,-58.77,57.72,0.0,1.0,19.5,837.0,0.0,0.0,0.0,5.998341437430852
173,91.86,-44.34,0.0,1.0,16.5,862.0,0.0,0.0,0.0,3.01134521435189
174,80.26,-14.57,0.0,1.0,11.0,290.0,0.0,0.0,0.0,5.411441582425148
175,164.0,-135.47,0.0,1.0,28.0,778.0,3.0,0.0,1.0,35.44941748463575
176,136.72,-91.99,0.0,1.0,31.5,806.0,0.0,0.0,0.0,3.383031185194709
177,-59.18,-48.78,0.0,1.0,23.5,203.0,0.0,0.0,0.0,1.9557607215607922
178,-29.75,-100.71,0.0,1.0,9.0,539.0,0.0,0.0,0.0,5.740034843099817
179,-47.91,79.03,0.0,1.0,27.0,886.0,0.0,0.0,0.0,3.164000632111193
180,-55.22,-48.62,0.0,1.0,22.5,494.0,0.0,0.0,0.0,1.4892279879185684
181,122.94,-70.95,0.0,1.0,22.0,576.0,0.0,0.0,0.0,2.660469883310086
182,-97.64,107.71,0.0,1.0,23.5,202.0,0.0,0.0,0.0,2.1817882573705476
183,-21.49,-102.19,0.0,1.0,8.5,178.0,0.0,0.0,0.0,8.391543362218897
184,-124.98,191.59,0.0,1.0,5.0,89.0,0.0,0.0,0.0,4.368397875651906
185,77.87,-17.83,0.0,1.0,11.0,290.0,0.0,0.0,0.0,4.072075637804388
186,172.05,-129.63,0.0,1.0,21.5,53.0,0.0,0.0,0.0,3.630647325202505
187,189.49,-173.21,0.0,1.0,17.0,408.0,0.0,0.0,0.0,1.8384776310850088
188,-111.47,-11.17,0.0,1.0,14.5,399.0,0.0,0.0,0.0,1.0438869670610873
189,-111.62,-11.33,0.0,1.0,14.5,399.0,0.0,0.0,0.0,1.2521980673998825
190,-35.86,60.71,0.0,1.0,23.5,678.0,0.0,0.0,0.0,1.9175505208468444
191,-66.96,117.06,0.0,1.0,16.5,513.0,0.0,0.0,0.0,4.19945234524695
192,-62.77,-54.4,0.0,1.0,20.5,177.0,0.0,0.0,0.0,6.668770501374297
193,137.4,-90.31,0.0,1.0,30.0,176.0,0.0,0.0,0.0,1.8124017214734665
194,-31.27,44.23,0.0,1.0,25.0,549.0,0.0,0.0,0.0,5.657852949662091
195,167.12,-153.78,0.0,1.0,24.0,435.0,0.0,0.0,0.0,1.7114321488157187
196,-26.57,33.74,0.0,1.0,18.5,155.0,0.0,0.0,0.0,5.403591398320194
197,-8.69,-103.28,0.0,1.0,6.0,31.0,0.0,0.0,0.0,6.836585405010311
198,-25.98,-94.85,0.0,1.0,11.0,539.0,0.0,0.0,0.0,3.7918992602652297
199,-52.38,-34.95,0.0,1.0,19.5,306.0,0.0,0.0,0.0,5.9348883730024795
200,-62.09,88.46,0.0,1.0,30.0,423.0,0.0,0.0,0.0,8.24211744638475
201,-55.55,68.87,0.0,1.0,27.5,569.0,0.0,0.0,0.0,3.1532998588779946
202,-95.75,108.8,0.0,1.0,24.5,441.0,0.0,0.0,0.0,1.5929846201391862
203,-59.87,-46.95,0.0,1.0,24.5,757.0,0.0,0.0,0.0,2.810266891240051
204,28.82,-37.82,0.0,1.0,2.0,506.0,0.0,0.0,0.0,5.525450207901614
205,-69.63,-36.63,0.0,1.0,29.5,800.0,4.0,0.0,1.0,38.03989090415481
206,-47.36,-46.5,0.0,1.0,19.0,939.0,0.0,0.0,0.0,6.238469363553854
207,-55.04,81.33,0.0,1.0,31.0,168.0,0.0,0.0,0.0,2.028718807523606
208,-31.69,63.37,0.0,1.0,18.5,118.0,0.0,0.0,0.0,2.667376988728815
209,-134.48,88.91,0.0,1.0,3.5,955.0,0.0,0.0,0.0,13.00371100878515
210,-51.13,-32.86,0.0,1.0,18.0,507.0,0.0,0.0,0.0,1.3009611831257657
211,0.97,-114.74,0.0,1.0,3.5,613.0,0.0,0.0,0.0,12.78197559065108
212,-55.87,76.23,0.0,1.0,32.0,inf,5.0,0.0,1.0,999.0
213,73.02,-28.55,0.0,1.0,9.5,385.0,0.0,0.0,0.0,4.841528684207092
214,135.46,-95.24,0.0,1.0,32.5,inf,6.0,0.0,1.0,999.0
215,-120.34,151.5,0.0,1.0,11.5,577.0,0.0,0.0,0.0,3.856319488839075
216,113.55,-43.81,0.0,1.0,11.0,471.0,0.0,0.0,0.0,4.011396265641178
217,-68.01,71.31,0.0,1.0,21.0,625.0,0.0,0.0,0.0,2.7154373496731634
218,152.14,-86.66,0.0,1.0,15.0,484.0,0.0,0.0,0.0,6.866185258205615
219,-137.39,65.63,0.0,1.0,9.0,882.0,0.0,0.0,0.0,4.720095338020225
220,150.57,-110.34,0.0,1.0,27.0,504.0,0.0,0.0,0.0,2.895582842883274
221,-48.19,-85.7,0.0,1.0,9.5,424.0,0.0,0.0,0.0,4.965168677900073
222,-64.06,83.8,0.0,1.0,29.0,413.0,0.0,0.0,0.0,1.3518135966175158
223,109.91,-74.26,0.0,1.0,25.5,58.0,0.0,0.0,0.0,2.7508725888343144
224,100.64,-61.97,0.0,1.0,22.5,509.0,0.0,0.0,0.0,2.8899826989101465
225,159.73,-161.61,0.0,1.0,13.0,47.0,0.0,0.0,0.0,3.9558816969166504
226,154.11,-138.62,0.0,1.0,23.0,34.0,0.0,0.0,0.0,1.6799999999999784
227,120.49,-89.76,0.0,1.0,30.0,597.0,0.0,0.0,0.0,3.0423674991690386
228,-74.06,-25.02,0.0,1.0,27.0,973.0,0.0,0.0,0.0,2.668969838720554
229,-38.62,-75.08,0.0,1.0,10.5,920.0,0.0,0.0,0.0,4.889836398081227
230,-84.35,-22.69,0.0,1.0,25.5,299.0,0.0,0.0,0.0,2.5191466809219243
231,-61.25,-33.28,0.0,1.0,26.0,42.0,0.0,0.0,0.0,5.167920278022879
232,-79.76,-11.46,0.0,1.0,25.5,541.0,0.0,0.0,0.0,8.151282107742315
233,-39.34,-96.07,0.0,1.0,9.0,539.0,0.0,0.0,0.0,9.633010951929831
234,-29.05,-19.38,0.0,1.0,2.0,235.0,0.0,0.0,0.0,18.24483488552308
235,-28.63,-37.62,0.0,1.0,2.5,80.0,0.0,0.0,0.0,9.797984486617647
236,71.17,8.43,0.0,1.0,3.0,502.0,0.0,0.0,0.0,14.374508687256064
237,146.56,-145.11,0.0,1.0,13.0,858.0,0.0,0.0,0.0,9.505293262177657
238,-78.49,-1.3,0.0,1.0,18.5,713.0,0.0,0.0,0.0,6.468732487899
239,-89.83,-18.36,0.0,1.0,24.0,591.0,0.0,0.0,0.0,1.0012492197250393
240,-124.96,159.64,0.0,1.0,10.5,796.0,0.0,0.0,0.0,9.338292135074779
241,112.78,-73.73,0.0,1.0,27.5,288.0,0.0,0.0,0.0,9.836061203550939
242,-31.0,30.29,0.0,1.0,16.5,196.0,0.0,0.0,0.0,5.614926535583526
243,-151.39,199.88,0.0,1.0,3.0,665.0,0.0,0.0,0.0,16.9664757684087
244,-122.25,11.41,0.0,1.0,12.0,841.0,0.0,0.0,0.0,4.0800122548835525
245,-49.9,83.41,0.0,1.0,26.5,581.0,0.0,0.0,0.0,3.8462969204157975
246,91.16,-63.27,0.0,1.0,15.5,635.0,0.0,0.0,0.0,6.231412359971052
247,-89.64,122.98,0.0,1.0,30.5,584.0,0.0,0.0,0.0,4.03395587482065
248,161.75,-154.01,0.0,1.0,22.5,435.0,0.0,0.0,0.0,4.695700160785397
249,-112.15,114.59,0.0,1.0,13.5,75.0,0.0,0.0,0.0,7.835508917741079
250,-59.25,115.82,0.0,1.0,9.5,39.0,0.0,0.0,0.0,6.901318714564621
251,-69.61,-12.14,0.0,1.0,17.0,648.0,0.0,0.0,0.0,5.077735715848157
252,-66.3,-122.87,0.0,1.0,1.0,394.0,0.0,0.0,0.0,28.760563276820577
253,69.31,-129.86,0.0,1.0,1.0,inf,0.0,1.0,0.0,999.0
254,-170.31,-200.17,0.0,1.0,1.0,277.0,0.0,0.0,0.0,28.220214386145244
255,-193.65,103.88,0.0,1.0,4.0,110.0,0.0,0.0,0.0,12.992497835289427
256,162.04,52.65,0.0,1.0,1.0,inf,0.0,1.0,0.0,999.0
257,-61.33,165.6,0.0,1.0,2.0,845.0,0.0,0.0,0.0,30.58168242592287
258,127.75,30.64,0.0,1.0,1.0,inf,0.0,1.0,0.0,999.0
259,1.01,-14.19,0.0,1.0,5.5,768.0,0.0,0.0,0.0,7.546343485423917
260,-133.25,-83.57,0.0,1.0,1.0,362.0,0.0,0.0,0.0,31.82114077150597
261,211.3,45.73,0.0,1.0,1.0,inf,0.0,1.0,0.0,999.0
262,-58.32,172.37,0.0,1.0,2.0,845.0,0.0,0.0,0.0,36.64060179636792
263,127.6,-99.3,0.0,1.0,27.0,879.0,0.0,0.0,0.0,1.190000000000011
264,-214.47,59.04,0.0,1.0,1.5,inf,0.0,1.0,0.0,999.0
265,0.46,-197.55,0.0,1.0,1.0,346.0,0.0,0.0,0.0,28.93691068514398
266,-45.56,-129.41,0.0,1.0,1.0,421.0,0.0,0.0,0.0,21.282974416185343
267,-69.85,-34.56,0.0,1.0,28.0,205.0,0.0,0.0,0.0,2.0816579930430454
268,-226.38,76.71,0.0,1.0,1.0,264.0,0.0,0.0,0.0,21.30908257058477
269,-23.03,-196.23,0.0,1.0,1.0,inf,0.0,1.0,0.0,999.0
270,195.42,183.78,0.0,1.0,1.0,326.0,0.0,0.0,0.0,37.29183958991564
271,-27.82,146.4,0.0,1.0,1.0,372.0,0.0,0.0,0.0,28.993587222004802
272,44.11,-95.74,0.0,1.0,1.5,inf,0.0,1.0,0.0,999.0
273,91.53,95.38,0.0,1.0,1.0,inf,0.0,1.0,0.0,999.0
274,-192.15,132.08,0.0,1.0,3.5,782.0,0.0,0.0,0.0,10.766355000649025
275,-127.96,-46.82,0.0,1.0,1.5,481.0,0.0,0.0,0.0,23.297059900339352
276,-68.66,-178.72,0.0,1.0,1.0,347.0,0.0,0.0,0.0,34.1081632457686
277,-192.82,-183.15,0.0,1.0,1.5,inf,0.0,1.0,0.0,999.0
278,-203.91,-200.89,0.0,1.0,1.0,277.0,0.0,0.0,0.0,20.921178265097772
279,200.27,-166.43,0.0,1.0,12.0,626.0,0.0,0.0,0.0,4.8346768247732985
280,149.04,184.05,0.0,1.0,1.0,326.0,0.0,0.0,0.0,37.15414647115446
281,177.13,-126.96,0.0,1.0,15.5,157.0,0.0,0.0,0.0,5.197787991059281
282,217.08,-6.87,0.0,1.0,1.0,inf,0.0,1.0,0.0,999.0
283,34.42,172.28,0.0,1.0,1.0,inf,0.0,1.0,0.0,999.0
284,-184.57,-46.87,0.0,1.0,1.0,999.0,0.0,0.0,0.0,30.251538803836095
285,-62.84,-56.79,0.0,1.0,19.0,192.0,0.0,0.0,0.0,2.3910248848558653
286,-99.89,-17.34,0.0,1.0,18.0,604.0,0.0,0.0,0.0,2.121909517392294
287,142.89,-104.52,0.0,1.0,28.5,982.0,0.0,0.0,0.0,1.1275194011634324
288,119.78,-80.64,0.0,1.0,28.0,925.0,0.0,0.0,0.0,1.984943324127919
289,-68.14,65.95,0.0,1.0,17.5,103.0,0.0,0.0,0.0,4.492304531084237
290,81.4,-19.86,0.0,1.0,12.5,787.0,0.0,0.0,0.0,7.627345540881177
291,-78.6,97.73,0.0,1.0,31.0,98.0,0.0,0.0,0.0,11.238545279527946
292,-122.84,186.27,0.0,1.0,5.5,801.0,0.0,0.0,0.0,22.939601129923783
293,-72.3,126.32,0.0,1.0,17.0,425.0,0.0,0.0,0.0,6.317372871692788
294,-87.52,114.2,0.0,1.0,31.5,51.0,0.0,0.0,0.0,2.9011894112587653
295,-79.31,107.28,0.0,1.0,31.0,98.0,0.0,0.0,0.0,3.818442090696146
296,208.23,-190.43,0.0,1.0,7.5,67.0,0.0,0.0,0.0,10.260043859555372
297,-66.01,76.49,0.0,1.0,29.0,826.0,0.0,0.0,0.0,0.41231056256176396
298,94.41,-26.28,0.0,1.0,12.5,866.0,0.0,0.0,0.0,4.78126552285062
299,-82.29,-24.14,0.0,1.0,28.0,973.0,0.0,0.0,0.0,9.699200998020416
300,-97.49,149.32,0.0,1.0,13.5,774.0,0.0,0.0,0.0,8.208684425655546
301,-27.08,38.73,0.0,1.0,18.0,486.0,0.0,0.0,0.0,3.4909024621149207
302,105.94,-67.41,0.0,1.0,24.5,475.0,0.0,0.0,0.0,4.820663854698853
303,167.69,-92.98,0.0,1.0,5.0,649.0,0.0,0.0,0.0,9.499494723405041
304,211.85,-219.4,0.0,1.0,5.5,393.0,0.0,0.0,0.0,11.472096582578095
305,-134.07,155.09,0.0,1.0,7.0,542.0,0.0,0.0,0.0,8.228760538501534
306,-50.15,-40.45,0.0,1.0,20.5,939.0,0.0,0.0,0.0,1.9729419656948852
307,44.01,-61.68,0.0,1.0,1.0,377.0,0.0,0.0,0.0,27.32402056799109
308,52.36,25.76,0.0,1.0,2.0,152.0,0.0,0.0,0.0,12.415413807038409
309,125.57,88.26,0.0,1.0,1.0,inf,0.0,1.0,0.0,999.0
310,183.77,14.83,0.0,1.0,1.0,350.0,0.0,0.0,0.0,34.24611656815996
311,-109.74,-2.87,0.0,1.0,24.0,164.0,0.0,0.0,0.0,8.206710668714964
312,223.7,12.19,0.0,1.0,1.0,inf,0.0,1.0,0.0,999.0
313,-94.43,-147.94,0.0,1.0,1.5,inf,0.0,1.0,0.0,999.0
314,82.55,-73.11,0.0,1.0,7.0,544.0,0.0,0.0,0.0,10.496709008065341
315,-87.56,217.49,0.0,1.0,1.0,419.0,0.0,0.0,0.0,37.71739651672688
316,-206.35,-124.76,0.0,1.0,1.0,inf,0.0,1.0,0.0,999.0
317,-86.88,-95.79,0.0,1.0,1.5,602.0,0.0,0.0,0.0,28.268993614913146
318,123.55,-39.19,0.0,1.0,4.0,216.0,0.0,0.0,0.0,11.015643421970413
319,-22.69,179.58,0.0,1.0,1.0,328.0,0.0,0.0,0.0,34.26981178821967
320,-119.64,7.3,0.0,1.0,12.5,495.0,0.0,0.0,0.0,4.93490628077171
321,-94.16,-62.78,0.0,1.0,1.0,391.0,0.0,0.0,0.0,24.01860945183963
322,110.24,-151.08,0.0,1.0,1.0,702.0,0.0,0.0,0.0,34.67541636375835
323,-162.03,-32.8,0.0,1.0,1.0,362.0,0.0,0.0,0.0,31.35576661477119
324,-195.39,-170.06,0.0,1.0,1.5,inf,0.0,1.0,0.0,999.0
325,-60.16,-227.72,0.0,1.0,1.0,347.0,0.0,0.0,0.0,20.159781744850314
326,171.95,154.8,0.0,1.0,2.0,inf,0.0,1.0,0.0,999.0
327,-213.56,57.17,0.0,1.0,1.5,inf,0.0,1.0,0.0,999.0
328,-56.83,176.6,0.0,1.0,2.0,inf,0.0,1.0,0.0,999.0
329,41.77,-206.16,0.0,1.0,2.0,inf,0.0,1.0,0.0,999.0
330,34.79,-221.08,0.0,1.0,2.0,inf,0.0,1.0,0.0,999.0
331,138.3,-13.28,0.0,1.0,1.5,318.0,0.0,0.0,0.0,29.814268396189103
332,-101.23,11.16,0.0,1.0,26.0,536.0,0.0,0.0,0.0,0.9340770846134662
333,133.83,-51.66,0.0,1.0,4.5,928.0,0.0,0.0,0.0,16.243056978290763
334,-27.7,-75.9,0.0,1.0,10.0,538.0,0.0,0.0,0.0,4.243041362042083
335,-4.1,-171.64,0.0,1.0,1.0,355.0,0.0,0.0,0.0,21.80428627586787
336,167.22,143.53,0.0,1.0,2.0,inf,0.0,1.0,0.0,999.0
337,-88.39,179.01,0.0,1.0,1.0,927.0,0.0,0.0,0.0,23.38616043731847
338,22.45,73.84,0.0,1.0,1.5,831.0,0.0,0.0,0.0,25.452671765455197
339,84.03,-154.88,0.0,1.0,1.0,inf,0.0,1.0,0.0,999.0
340,203.62,87.55,0.0,1.0,1.5,inf,0.0,1.0,0.0,999.0
341,108.69,-23.25,0.0,1.0,5.0,535.0,0.0,0.0,0.0,3.3371394936382246
342,185.02,141.46,0.0,1.0,2.0,inf,0.0,1.0,0.0,999.0
343,-202.65,-20.84,0.0,1.0,1.5,inf,0.0,1.0,0.0,999.0
344,106.43,72.95,0.0,1.0,1.0,inf,0.0,1.0,0.0,999.0
345,-108.18,-155.39,0.0,1.0,1.5,inf,0.0,1.0,0.0,999.0
346,28.44,-204.93,0.0,1.0,2.0,inf,0.0,1.0,0.0,999.0
347,-73.38,-212.5,0.0,1.0,1.5,inf,0.0,1.0,0.0,999.0
348,-126.2,120.69,0.0,1.0,5.0,30.0,0.0,0.0,0.0,7.322738558763387
349,-166.17,18.55,0.0,1.0,1.5,100.0,0.0,0.0,0.0,18.310237573554286
350,153.99,-2.08,0.0,1.0,1.5,inf,0.0,1.0,0.0,999.0
351,203.95,99.94,0.0,1.0,1.5,inf,0.0,1.0,0.0,999.0
352,159.99,212.82,0.0,1.0,1.0,inf,0.0,1.0,0.0,999.0
353,34.04,-106.46,0.0,1.0,1.5,211.0,0.0,0.0,0.0,34.09080961197607
354,-207.45,139.97,0.0,1.0,2.0,888.0,0.0,0.0,0.0,6.267096616456442
355,-7.73,-150.14,0.0,1.0,3.5,896.0,0.0,0.0,0.0,4.550890022841669
356,72.18,102.72,0.0,1.0,1.0,inf,0.0,1.0,0.0,999.0
357,31.48,78.82,0.0,1.0,1.5,831.0,0.0,0.0,0.0,24.844448071953614
358,-97.11,-98.03,0.0,1.0,1.5,602.0,0.0,0.0,0.0,37.27399227343376
359,-133.77,104.44,0.0,1.0,2.0,209.0,0.0,0.0,0.0,15.546221405859367
360,184.19,71.99,0.0,1.0,1.0,340.0,0.0,0.0,0.0,24.89253904285379
361,171.77,180.51,0.0,1.0,1.0,326.0,0.0,0.0,0.0,25.71063009729631
362,-137.24,-52.0,0.0,1.0,1.5,481.0,0.0,0.0,0.0,33.92082840969543
363,127.02,206.97,0.0,1.0,1.0,inf,0.0,1.0,0.0,999.0
364,-54.22,10.32,0.0,1.0,3.0,993.0,0.0,0.0,0.0,15.915743777781802
365,-27.48,-225.55,0.0,1.0,1.0,inf,0.0,1.0,0.0,999.0
366,81.8,-29.17,0.0,1.0,13.5,866.0,0.0,0.0,0.0,8.308868755733236
367,135.12,-95.89,0.0,1.0,32.0,214.0,0.0,0.0,0.0,0.7335529974037388
368,226.85,-121.49,0.0,1.0,1.0,36.0,0.0,0.0,0.0,36.61131109370435
369,89.18,14.01,0.0,1.0,2.0,595.0,0.0,0.0,0.0,17.870335755099845
370,-91.85,-215.51,0.0,1.0,1.5,inf,0.0,1.0,0.0,999.0
371,135.59,-229.99,0.0,1.0,1.0,inf,0.0,1.0,0.0,999.0
372,-40.97,120.56,0.0,1.0,1.5,250.0,0.0,0.0,0.0,18.88454394471839
373,-1.7,-139.52,0.0,1.0,4.0,388.0,0.0,0.0,0.0,7.589216033293577
374,-115.72,156.07,0.0,1.0,12.0,577.0,0.0,0.0,0.0,5.579829746506599
375,-70.27,-28.62,0.0,1.0,29.5,800.0,7.0,0.0,1.0,32.008327041568414
376,-9.01,22.45,0.0,1.0,13.5,587.0,0.0,0.0,0.0,5.111888105191662
377,71.06,-65.54,0.0,1.0,2.0,314.0,0.0,0.0,0.0,13.759542143545321
378,-98.48,14.71,0.0,1.0,26.0,676.0,0.0,0.0,0.0,2.6021529547664883
379,121.84,-73.47,0.0,1.0,23.5,576.0,0.0,0.0,0.0,1.0592922165295062
380,156.0,-142.19,0.0,1.0,24.5,383.0,0.0,0.0,0.0,3.9775620673975696
381,-97.83,-25.63,0.0,1.0,17.0,780.0,0.0,0.0,0.0,5.500272720511234
382,169.83,-138.32,0.0,1.0,25.5,856.0,0.0,0.0,0.0,3.4817380717107547
383,158.93,-139.5,0.0,1.0,26.0,175.0,0.0,0.0,0.0,6.476557727682194
384,-130.68,41.1,0.0,1.0,16.0,449.0,0.0,0.0,0.0,5.395739059665506
385,75.04,-32.95,0.0,1.0,10.5,15.0,0.0,0.0,0.0,6.012694903285873
386,79.52,-40.63,0.0,1.0,10.5,417.0,0.0,0.0,0.0,5.9031008800460185
387,137.08,-113.55,0.0,1.0,27.0,778.0,0.0,0.0,0.0,4.9040799340956855
388,-3.81,-132.23,0.0,1.0,4.5,613.0,0.0,0.0,0.0,21.587589027031246
389,210.47,-189.61,0.0,1.0,7.5,67.0,0.0,0.0,0.0,11.848210835396205
390,-104.51,8.46,0.0,1.0,28.0,972.0,0.0,0.0,0.0,4.335758295846299
391,-84.66,-40.72,0.0,1.0,16.5,470.0,0.0,0.0,0.0,2.264332131115046
392,-106.73,31.27,0.0,1.0,23.0,897.0,0.0,0.0,0.0,3.8056931037591557
393,219.78,-211.11,0.0,1.0,6.5,64.0,0.0,0.0,0.0,8.184748010782018
394,-48.9,-99.97,0.0,1.0,5.5,233.0,0.0,0.0,0.0,10.324901936580316
395,-99.26,8.75,0.0,1.0,28.0,558.0,0.0,0.0,0.0,2.1187260323128143
396,-110.91,106.6,0.0,1.0,12.0,249.0,0.0,0.0,0.0,8.085647778626038
397,124.92,-79.6,0.0,1.0,29.0,943.0,0.0,0.0,0.0,4.582793907650666
398,155.75,-128.57,0.0,1.0,27.0,825.0,0.0,0.0,0.0,8.618422129369149
399,-111.06,-10.21,0.0,1.0,16.0,980.0,0.0,0.0,0.0,7.100739398119051
400,-43.63,83.36,0.0,1.0,19.0,971.0,0.0,0.0,0.0,4.375294275817339
401,133.68,-86.22,0.0,1.0,29.0,524.0,0.0,0.0,0.0,3.288419073050143
402,-99.3,-12.69,0.0,1.0,23.0,758.0,0.0,0.0,0.0,2.7104612153653838
403,-38.62,61.58,0.0,1.0,25.5,9.0,0.0,0.0,0.0,5.974487425712774
404,-101.98,116.36,0.0,1.0,24.5,835.0,0.0,0.0,0.0,5.410924135487391
405,98.73,-79.06,0.0,1.0,15.0,35.0,0.0,0.0,0.0,7.355766445449442
406,-63.5,81.92,0.0,1.0,29.5,413.0,0.0,0.0,0.0,2.6313874667178903
407,149.89,-130.69,0.0,1.0,20.5,890.0,0.0,0.0,0.0,2.7542875666858047
408,191.07,-172.27,0.0,1.0,17.5,756.0,0.0,0.0,0.0,11.474933551005861
409,-103.64,12.99,0.0,1.0,27.5,536.0,0.0,0.0,0.0,2.1386210510513575
410,164.25,-141.71,0.0,1.0,26.0,856.0,0.0,0.0,0.0,3.146108707594192
411,-106.72,23.72,0.0,1.0,25.5,560.0,0.0,0.0,0.0,2.3703375287076707
412,-19.14,35.4,0.0,1.0,17.0,19.0,0.0,0.0,0.0,3.1241798923877626
413,-65.41,83.73,0.0,1.0,30.0,423.0,0.0,0.0,0.0,6.869672481275945
414,-74.95,101.63,0.0,1.0,31.0,98.0,0.0,0.0,0.0,10.335685753736902
415,99.73,-63.3,0.0,1.0,22.5,509.0,0.0,0.0,0.0,4.102316418805349
416,-37.86,58.32,0.0,1.0,24.5,403.0,0.0,0.0,0.0,3.3474169145775647
417,85.31,-41.78,0.0,1.0,13.5,173.0,0.0,0.0,0.0,7.032503110557433
418,152.76,-114.31,0.0,1.0,26.5,504.0,0.0,0.0,0.0,2.181788257370535
419,-116.44,193.23,0.0,1.0,4.5,184.0,0.0,0.0,0.0,8.696045078080038
420,137.08,-101.83,0.0,1.0,31.5,367.0,0.0,0.0,0.0,6.25501398879331
421,-29.99,-114.9,0.0,1.0,5.5,478.0,0.0,0.0,0.0,11.23534601158327
422,162.66,-132.59,0.0,1.0,24.0,175.0,0.0,0.0,0.0,3.1764760348537155
423,-59.23,80.73,0.0,1.0,31.0,168.0,0.0,0.0,0.0,5.156316514722502
424,-43.39,-84.43,0.0,1.0,11.0,532.0,0.0,0.0,0.0,2.479354754769875
425,-78.16,123.96,0.0,1.0,23.5,432.0,0.0,0.0,0.0,4.870082134830985
426,-43.68,52.57,0.0,1.0,22.0,503.0,0.0,0.0,0.0,0.6935416353759858
427,146.5,-125.96,0.0,1.0,21.5,815.0,0.0,0.0,0.0,3.9785927160240946
428,-60.7,90.08,0.0,1.0,30.0,423.0,0.0,0.0,0.0,9.46485076480342
429,-71.42,-40.14,0.0,1.0,25.0,579.0,0.0,0.0,0.0,2.1978398485785977
430,97.67,-64.23,0.0,1.0,19.5,415.0,0.0,0.0,0.0,2.2601991062736095
431,-138.64,68.28,0.0,1.0,8.5,219.0,0.0,0.0,0.0,2.9300170647967274
432,-79.87,119.4,0.0,1.0,28.5,974.0,0.0,0.0,0.0,2.8256680626004287
433,-70.35,110.17,0.0,1.0,22.0,79.0,0.0,0.0,0.0,3.3336166546260184
434,179.38,-129.53,0.0,1.0,15.0,281.0,0.0,0.0,0.0,3.415757602641036
435,166.15,-152.37,0.0,1.0,24.5,450.0,0.0,0.0,0.0,4.983342251942983
436,-131.54,62.85,0.0,1.0,10.5,645.0,0.0,0.0,0.0,4.78059619712854
437,-64.02,79.15,0.0,1.0,28.5,406.0,0.0,0.0,0.0,2.818386062980012
438,-76.26,-26.54,0.0,1.0,25.5,228.0,0.0,0.0,0.0,2.674023186137325
439,-109.64,20.62,0.0,1.0,27.0,560.0,0.0,0.0,0.0,2.971077245714082
440,197.33,-179.55,0.0,1.0,14.0,408.0,0.0,0.0,0.0,9.601354071171434
441,-94.51,109.8,0.0,1.0,26.5,956.0,0.0,0.0,0.0,1.673588957898568
442,53.21,-15.63,0.0,1.0,2.5,444.0,0.0,0.0,0.0,3.5992360300486004
443,101.74,-69.39,0.0,1.0,20.0,302.0,0.0,0.0,0.0,4.643317779347009
444,55.74,-18.19,0.0,1.0,3.0,45.0,0.0,0.0,0.0,14.64192951765579
445,220.95,-211.45,0.0,1.0,6.0,393.0,0.0,0.0,0.0,1.218400590938774
446,-150.69,83.54,0.0,1.0,9.5,882.0,0.0,0.0,0.0,19.886176103011863
447,-129.06,54.7,0.0,1.0,16.0,748.0,0.0,0.0,0.0,3.5830852627309935
448,-57.06,-25.33,0.0,1.0,18.5,119.0,0.0,0.0,0.0,6.2001451595910195
449,-130.06,46.46,0.0,1.0,17.5,718.0,0.0,0.0,0.0,5.532494916400733
450,165.19,-147.48,0.0,1.0,25.5,608.0,0.0,0.0,0.0,3.9136939072952392
451,35.73,-33.54,0.0,1.0,3.0,745.0,0.0,0.0,0.0,36.68724574017515
452,-35.47,34.09,0.0,1.0,18.5,155.0,0.0,0.0,0.0,4.656533045088368
453,-181.59,117.76,0.0,1.0,5.0,782.0,0.0,0.0,0.0,9.028000886131993
454,115.26,-87.22,0.0,1.0,25.0,737.0,0.0,0.0,0.0,4.776578273199333
455,147.4,-102.5,0.0,1.0,27.5,154.0,0.0,0.0,0.0,4.816149914610214
456,159.25,-143.8,0.0,1.0,24.5,383.0,0.0,0.0,0.0,4.311890536644001
457,141.89,-116.42,0.0,1.0,27.0,87.0,0.0,0.0,0.0,2.892144533041185
458,-19.78,51.15,0.0,1.0,17.0,936.0,0.0,0.0,0.0,10.447415948453473
459,-42.2,82.83,0.0,1.0,18.0,400.0,0.0,0.0,0.0,1.5250573759698356
460,-25.79,26.56,0.0,1.0,17.0,913.0,0.0,0.0,0.0,6.923424008393531
461,2.62,8.96,0.0,1.0,10.0,148.0,0.0,0.0,0.0,7.71368264838527
462,-127.27,144.27,0.0,1.0,8.5,743.0,0.0,0.0,0.0,6.261022280746158
463,-37.07,58.36,0.0,1.0,23.5,416.0,0.0,0.0,0.0,0.791012010022603
464,-16.76,20.83,0.0,1.0,15.5,913.0,0.0,0.0,0.0,3.904510212561879
465,208.11,-219.9,0.0,1.0,5.0,304.0,0.0,0.0,0.0,3.7732744400586413
466,-19.43,41.23,0.0,1.0,16.0,759.0,0.0,0.0,0.0,1.3647344063956188
467,-70.23,96.6,0.0,1.0,28.0,816.0,0.0,0.0,0.0,0.8905054744357314
468,-49.06,-73.96,0.0,1.0,13.5,561.0,0.0,0.0,0.0,6.941649659843106
469,-86.94,-1.02,0.0,1.0,26.5,895.0,0.0,0.0,0.0,0.3807886552931977
470,-82.52,-39.98,0.0,1.0,18.0,46.0,0.0,0.0,0.0,4.445964462296113
471,115.63,-47.24,0.0,1.0,12.5,126.0,0.0,0.0,0.0,5.770147311811023
472,-92.24,9.42,0.0,1.0,23.5,871.0,0.0,0.0,0.0,6.5830160261084
473,-124.75,38.94,0.0,1.0,21.0,839.0,0.0,0.0,0.0,2.022003956474867
474,-128.37,30.44,0.0,1.0,15.5,812.0,0.0,0.0,0.0,4.721408688093002
475,106.92,-72.13,0.0,1.0,26.0,58.0,0.0,0.0,0.0,4.964443574057413
476,-34.46,26.45,0.0,1.0,15.0,242.0,0.0,0.0,0.0,5.168868348100966
477,-133.63,42.85,0.0,1.0,15.0,798.0,0.0,0.0,0.0,1.0139033484509223
478,-22.32,-106.69,0.0,1.0,7.5,183.0,0.0,0.0,0.0,4.575904282215703
479,201.2,-223.14,0.0,1.0,3.5,465.0,0.0,0.0,0.0,7.631887053671603
480,120.92,-96.95,0.0,1.0,23.0,827.0,0.0,0.0,0.0,3.7400133689600605
481,-107.25,-36.15,0.0,1.0,3.0,381.0,0.0,0.0,0.0,14.121147262173851
482,-157.83,67.13,0.0,1.0,6.0,911.0,0.0,0.0,0.0,1.3288340754210188
483,124.41,-86.95,0.0,1.0,30.5,806.0,0.0,0.0,0.0,10.40735316975456
484,153.16,-93.45,0.0,1.0,19.0,968.0,0.0,0.0,0.0,5.932453118230271
485,-73.0,-47.86,0.0,1.0,22.0,990.0,0.0,0.0,0.0,4.522830971858222
486,-27.78,42.15,0.0,1.0,21.5,194.0,0.0,0.0,0.0,4.062819218227656
487,63.24,11.7,0.0,1.0,2.5,236.0,0.0,0.0,0.0,8.57775028780857
488,-124.29,70.71,0.0,1.0,6.5,645.0,0.0,0.0,0.0,8.764131445842187
489,-79.66,2.71,0.0,1.0,15.5,805.0,0.0,0.0,0.0,1.268108828137395
490,148.25,-115.06,0.0,1.0,27.0,504.0,0.0,0.0,0.0,3.20156211871643
491,-114.24,53.92,0.0,1.0,13.0,6.0,0.0,0.0,0.0,5.3062698762878595
492,166.74,-168.46,0.0,1.0,13.0,140.0,0.0,0.0,0.0,6.5468160200207235
493,-47.15,75.85,0.0,1.0,29.5,90.0,0.0,0.0,0.0,5.443537452796665
494,-54.25,-47.49,0.0,1.0,23.0,177.0,0.0,0.0,0.0,5.095978806863309
495,-114.71,7.52,0.0,1.0,21.0,709.0,0.0,0.0,0.0,3.8481294157031667
496,120.0,-100.28,0.0,1.0,20.5,783.0,0.0,0.0,0.0,3.0907604242322004
497,192.81,-183.38,0.0,1.0,13.0,440.0,0.0,0.0,0.0,5.924466220681824
498,-48.0,42.9,0.0,1.0,16.0,994.0,0.0,0.0,0.0,2.8895847452532
499,-86.02,112.42,0.0,1.0,30.0,51.0,0.0,0.0,0.0,1.987284579520499
500,177.5,-164.22,0.0,1.0,20.0,661.0,0.0,0.0,0.0,3.5685571313907682
501,-51.19,50.57,0.0,1.0,19.5,881.0,0.0,0.0,0.0,3.4261494421580605
502,71.53,-5.94,0.0,1.0,6.0,675.0,0.0,0.0,0.0,5.789386841453942
503,-43.75,53.26,0.0,1.0,23.0,130.0,0.0,0.0,0.0,4.710382150102046
504,150.87,-113.22,0.0,1.0,27.5,87.0,0.0,0.0,0.0,7.042875833067074
505,-72.53,103.68,0.0,1.0,29.0,414.0,0.0,0.0,0.0,3.1715768948584637
506,23.73,-35.67,0.0,1.0,2.5,451.0,0.0,0.0,0.0,12.187571538251577
507,-52.43,-32.81,0.0,1.0,18.5,199.0,0.0,0.0,0.0,2.140584032454695
508,-87.68,-15.57,0.0,1.0,27.5,986.0,0.0,0.0,0.0,6.732859719316893
509,103.52,-61.73,0.0,1.0,23.0,302.0,0.0,0.0,0.0,6.174042435876191
510,161.09,-154.05,0.0,1.0,22.5,435.0,0.0,0.0,0.0,5.3316038862616235
511,-7.48,-2.54,0.0,1.0,7.5,618.0,0.0,0.0,0.0,5.235389192791688
512,-2.31,-137.18,0.0,1.0,4.0,388.0,0.0,0.0,0.0,5.172281894870016
513,-70.73,115.21,0.0,1.0,21.5,730.0,0.0,0.0,0.0,2.2584950741588985
514,191.45,-166.44,0.0,1.0,16.5,408.0,0.0,0.0,0.0,5.842371093999434
515,200.98,-155.11,0.0,1.0,8.5,526.0,0.0,0.0,0.0,7.599769733353758
516,132.76,-104.13,0.0,1.0,31.0,171.0,0.0,0.0,0.0,2.8264642223102774
517,150.05,-106.24,0.0,1.0,27.0,779.0,0.0,0.0,0.0,2.637972706454726
518,194.81,-189.4,0.0,1.0,9.5,964.0,0.0,0.0,0.0,5.030874675441648
519,-101.16,137.53,0.0,1.0,17.0,922.0,0.0,0.0,0.0,1.6326665305566908
520,-35.85,-102.92,0.0,1.0,7.0,178.0,0.0,0.0,0.0,6.487996609123655
521,123.74,-74.82,0.0,1.0,25.5,397.0,0.0,0.0,0.0,4.923494693812519
522,43.31,53.83,0.0,1.0,2.0,152.0,0.0,0.0,0.0,17.57960465994614
523,-104.28,115.56,0.0,1.0,21.5,404.0,0.0,0.0,0.0,2.4351591323771804
524,135.97,-88.58,0.0,1.0,31.5,806.0,0.0,0.0,0.0,1.6757386431063686
525,-78.34,-19.3,0.0,1.0,23.5,92.0,0.0,0.0,0.0,2.5212100269513438
526,196.29,-161.09,0.0,1.0,13.0,626.0,0.0,0.0,0.0,2.2562136423663532
527,165.15,-146.08,0.0,1.0,25.5,608.0,0.0,0.0,0.0,2.828745304901097
528,153.43,-138.48,0.0,1.0,22.0,226.0,0.0,0.0,0.0,0.694262198308401
529,-61.84,-68.62,0.0,1.0,10.5,764.0,0.0,0.0,0.0,4.063889762284404
530,-67.68,91.94,0.0,1.0,27.5,947.0,0.0,0.0,0.0,3.653080891521563
531,-34.29,76.04,0.0,1.0,17.0,953.0,0.0,0.0,0.0,4.20364127870112
532,-40.95,-84.87,0.0,1.0,12.0,166.0,0.0,0.0,0.0,11.556002769123937
533,-42.53,82.43,0.0,1.0,18.0,400.0,0.0,0.0,0.0,1.4404513181638556
534,82.45,-27.43,0.0,1.0,13.0,366.0,0.0,0.0,0.0,1.8574444810007147
535,105.5,-22.27,0.0,1.0,6.0,852.0,0.0,0.0,0.0,5.247446998303082
536,-101.8,11.9,0.0,1.0,28.0,558.0,0.0,0.0,0.0,5.488396851540527
537,-0.83,1.32,0.0,1.0,9.0,847.0,0.0,0.0,0.0,3.8856144945169224
538,-30.17,-79.35,0.0,1.0,11.5,532.0,0.0,0.0,0.0,12.111102344543214
539,-29.77,-94.97,0.0,1.0,11.5,532.0,0.0,0.0,0.0,15.066598819906236
540,-107.18,-15.56,0.0,1.0,15.5,980.0,0.0,0.0,0.0,5.672054301573645
541,-85.73,-17.01,0.0,1.0,26.5,508.0,0.0,0.0,0.0,2.4240668307618947
542,-130.41,147.72,0.0,1.0,7.5,462.0,0.0,0.0,0.0,4.664986602338738
543,-99.07,8.36,0.0,1.0,28.0,558.0,0.0,0.0,0.0,1.8341210428976658
544,86.95,-63.58,0.0,1.0,13.5,554.0,0.0,0.0,0.0,4.152493226966173
545,-12.83,34.26,0.0,1.0,16.0,412.0,0.0,0.0,0.0,6.4121525246987074
546,-92.92,-21.73,0.0,1.0,21.0,239.0,0.0,0.0,0.0,4.572198595861736
547,-119.21,186.61,0.0,1.0,4.5,292.0,0.0,0.0,0.0,3.645888094826838
548,-94.48,132.1,0.0,1.0,21.5,736.0,0.0,0.0,0.0,6.612669657558882
549,-36.14,47.11,0.0,1.0,26.0,642.0,0.0,0.0,0.0,18.640171673029194
550,182.35,-177.36,0.0,1.0,16.0,708.0,0.0,0.0,0.0,1.6401219466856873
551,-109.71,139.46,0.0,1.0,17.0,922.0,0.0,0.0,0.0,9.962981481464276
552,-107.6,133.15,0.0,1.0,16.5,104.0,0.0,0.0,0.0,1.7112568480505894
553,158.45,-110.85,0.0,1.0,22.0,863.0,0.0,0.0,0.0,4.330381045589399
554,90.99,-62.62,0.0,1.0,15.5,635.0,0.0,0.0,0.0,5.877593044776064
555,-105.49,158.09,0.0,1.0,10.0,790.0,0.0,0.0,0.0,2.9468118365447244
556,-155.52,61.0,0.0,1.0,6.5,610.0,0.0,0.0,0.0,4.717393348025995
557,-77.93,1.49,0.0,1.0,14.5,489.0,0.0,0.0,0.0,2.1169081227110365
558,-99.93,6.74,0.0,1.0,29.5,972.0,0.0,0.0,0.0,3.645161176134739
559,169.57,-139.32,0.0,1.0,25.5,856.0,0.0,0.0,0.0,2.697647122957338
560,-106.76,21.35,0.0,1.0,27.5,536.0,0.0,0.0,0.0,10.672586378193436
561,-55.62,-71.69,0.0,1.0,14.5,891.0,0.0,0.0,0.0,8.414921271170632
562,-1.6,-129.2,0.0,1.0,4.0,388.0,0.0,0.0,0.0,3.750333318519836
563,105.53,-45.28,0.0,1.0,14.5,803.0,0.0,0.0,0.0,1.8314202139323483
564,-96.9,107.96,0.0,1.0,23.0,182.0,0.0,0.0,0.0,0.7810889834071355
565,-41.48,59.74,0.0,1.0,25.5,642.0,0.0,0.0,0.0,5.013790980884624
566,169.61,-159.94,0.0,1.0,19.0,876.0,0.0,0.0,0.0,5.545637925432908
567,-143.55,51.67,0.0,1.0,12.5,8.0,0.0,0.0,0.0,7.283872596359722
568,136.61,-57.86,0.0,1.0,4.5,844.0,0.0,0.0,0.0,14.338005440088253
569,-53.18,66.79,0.0,1.0,31.0,212.0,0.0,0.0,0.0,9.815788302525679
570,-76.96,113.81,0.0,1.0,29.5,992.0,0.0,0.0,0.0,1.8880942773071587
571,-41.43,78.1,0.0,1.0,20.5,971.0,0.0,0.0,0.0,4.484149863686538
572,96.36,-44.58,0.0,1.0,18.0,864.0,0.0,0.0,0.0,5.9242299077601634
573,-172.04,96.52,0.0,1.0,6.5,653.0,0.0,0.0,0.0,12.228597630145499
574,-93.9,31.42,0.0,1.0,13.5,985.0,0.0,0.0,0.0,4.869876795156115
575,0.57,0.08,0.0,1.0,8.5,537.0,0.0,0.0,0.0,1.8701871564097534
576,122.89,-73.61,0.0,1.0,24.0,521.0,0.0,0.0,0.0,1.4787156589418993
577,-116.6,150.56,0.0,1.0,12.5,609.0,0.0,0.0,0.0,4.554393483220339
578,-43.94,51.92,0.0,1.0,22.0,503.0,0.0,0.0,0.0,1.3534031180694055
579,-69.34,-40.85,0.0,1.0,28.0,205.0,0.0,0.0,0.0,4.229952718411872
580,130.7,-79.87,0.0,1.0,24.5,638.0,0.0,0.0,0.0,4.374117053760674
581,-52.84,85.89,0.0,1.0,27.0,105.0,0.0,0.0,0.0,3.523251339317139
582,-111.37,71.51,0.0,1.0,3.5,488.0,0.0,0.0,0.0,12.94474410716566
583,-91.0,110.31,0.0,1.0,29.0,762.0,0.0,0.0,0.0,4.470447404902551
584,-86.02,121.2,0.0,1.0,31.5,967.0,0.0,0.0,0.0,5.138608761133696
585,-34.4,50.05,0.0,1.0,25.0,549.0,0.0,0.0,0.0,3.416313802916821
586,-122.81,41.73,0.0,1.0,21.5,905.0,0.0,0.0,0.0,7.51880974622978
587,-13.56,20.12,0.0,1.0,14.5,717.0,0.0,0.0,0.0,1.1317243480636072
588,-104.28,30.97,0.0,1.0,21.5,392.0,0.0,0.0,0.0,2.4682990094394994
589,-111.99,162.24,0.0,1.0,9.5,680.0,0.0,0.0,0.0,2.9125418451929628
590,-83.0,111.91,0.0,1.0,31.5,51.0,0.0,0.0,0.0,2.540314941104743
591,-89.19,-17.59,0.0,1.0,24.5,508.0,0.0,0.0,0.0,2.5220031720836458
592,-27.62,-102.04,0.0,1.0,8.5,178.0,0.0,0.0,0.0,2.511135201457705
593,-18.6,-90.09,0.0,1.0,9.0,198.0,0.0,0.0,0.0,8.781913231181456
594,-55.54,-54.64,0.0,1.0,19.5,952.0,0.0,0.0,0.0,5.572297551279906
595,87.98,-3.82,0.0,1.0,5.0,174.0,0.0,0.0,0.0,13.234836606471573
596,-22.6,-124.18,0.0,1.0,2.5,421.0,0.0,0.0,0.0,11.862988662221674
597,123.17,-88.32,0.0,1.0,30.5,806.0,0.0,0.0,0.0,11.403179381207691
598,116.59,-93.14,0.0,1.0,22.0,827.0,0.0,0.0,0.0,2.1421717951649004
599,-96.11,135.7,0.0,1.0,17.5,686.0,0.0,0.0,0.0,3.6344600699416034
600,-100.89,108.22,0.0,1.0,22.0,182.0,0.0,0.0,0.0,3.289772028575841
601,-98.05,-3.29,0.0,1.0,31.0,972.0,0.0,0.0,0.0,9.10167566989728
602,-68.0,-74.75,0.0,1.0,7.0,674.0,0.0,0.0,0.0,6.042731170588343
603,-13.03,-77.27,0.0,1.0,5.0,924.0,0.0,0.0,0.0,9.418810965297062
604,-98.14,-16.14,0.0,1.0,21.0,706.0,0.0,0.0,0.0,3.1071047616712257
605,-69.93,89.41,0.0,1.0,27.0,947.0,0.0,0.0,0.0,2.878471816780572
606,111.24,-88.92,0.0,1.0,20.0,916.0,0.0,0.0,0.0,1.5508062419270798
607,-73.4,-31.43,0.0,1.0,26.5,966.0,0.0,0.0,0.0,2.9426688566673542
608,167.18,-144.11,0.0,1.0,28.0,inf,8.0,0.0,1.0,999.0
609,-112.84,147.99,0.0,1.0,13.5,774.0,0.0,0.0,0.0,7.768429699752722
610,-156.69,65.57,0.0,1.0,7.0,156.0,0.0,0.0,0.0,10.787817202752384
611,107.56,-90.69,0.0,1.0,14.0,606.0,0.0,0.0,0.0,4.083540130817858
612,128.65,-87.66,0.0,1.0,28.0,83.0,0.0,0.0,0.0,2.4713154391942753
613,-11.53,-112.07,0.0,1.0,5.5,197.0,0.0,0.0,0.0,9.237407645005165
614,-90.01,120.17,0.0,1.0,30.5,584.0,0.0,0.0,0.0,4.120800893030392
615,99.22,-52.42,0.0,1.0,19.0,74.0,0.0,0.0,0.0,3.619419843013519
616,-110.73,123.56,0.0,1.0,15.5,75.0,0.0,0.0,0.0,7.098203998195601
617,-11.68,-82.84,0.0,1.0,5.0,924.0,0.0,0.0,0.0,5.578189670493469
618,-9.5,2.29,0.0,1.0,10.0,644.0,0.0,0.0,0.0,7.208779369629785
619,118.01,-59.34,0.0,1.0,20.0,71.0,0.0,0.0,0.0,1.5825612152457145
620,-97.36,99.07,0.0,1.0,19.0,77.0,0.0,0.0,0.0,6.250391987707651
621,169.39,-136.18,0.0,1.0,25.5,766.0,0.0,0.0,0.0,4.099268227379111
622,-131.64,169.64,0.0,1.0,4.5,932.0,0.0,0.0,0.0,2.059732992404583
623,135.93,-113.76,0.0,1.0,26.0,387.0,0.0,0.0,0.0,1.1690166808048619
624,-86.7,127.13,0.0,1.0,24.0,727.0,0.0,0.0,0.0,1.9416487838947636
625,-66.11,73.25,0.0,1.0,25.5,145.0,0.0,0.0,0.0,1.3038404810405324
626,196.56,-163.33,0.0,1.0,14.0,797.0,0.0,0.0,0.0,2.9918890353754883
627,-72.95,83.15,0.0,1.0,26.0,41.0,0.0,0.0,0.0,1.4091131963046901
628,-24.9,18.55,0.0,1.0,13.0,913.0,0.0,0.0,0.0,5.772347875864723
629,175.83,-140.58,0.0,1.0,23.0,751.0,0.0,0.0,0.0,2.2749505489131123
630,154.07,-122.77,0.0,1.0,25.5,825.0,0.0,0.0,0.0,2.7889065957826524
631,-140.31,48.16,0.0,1.0,12.0,8.0,0.0,0.0,0.0,2.511911622649171
632,190.81,-166.44,0.0,1.0,16.5,408.0,0.0,0.0,0.0,5.8357947188022425
633,-4.19,16.84,0.0,1.0,12.5,376.0,0.0,0.0,0.0,7.3962490493492705
634,-94.04,-13.05,0.0,1.0,25.5,986.0,0.0,0.0,0.0,2.627279962242322
635,95.24,-58.56,0.0,1.0,18.5,96.0,0.0,0.0,0.0,6.0529992565669435
636,-53.8,51.74,0.0,1.0,19.5,837.0,0.0,0.0,0.0,5.311195722245602
637,187.09,-158.93,0.0,1.0,18.5,122.0,0.0,0.0,0.0,5.180550163833947
638,127.22,-77.22,0.0,1.0,25.0,397.0,0.0,0.0,0.0,3.30974319245466
639,186.61,-172.35,0.0,1.0,17.5,756.0,0.0,0.0,0.0,9.25739164127779
640,-101.16,131.1,0.0,1.0,19.5,931.0,0.0,0.0,0.0,4.722393460947523
641,-97.06,-5.18,0.0,1.0,31.0,972.0,0.0,0.0,0.0,11.231584928228074
642,-44.38,63.83,0.0,1.0,28.5,569.0,0.0,0.0,0.0,9.284481676431916
643,-161.15,104.19,0.0,1.0,7.0,804.0,0.0,0.0,0.0,8.884705960244268
644,-10.02,9.48,0.0,1.0,13.0,883.0,0.0,0.0,0.0,6.359158749394451
645,-126.79,62.31,0.0,1.0,11.0,447.0,0.0,0.0,0.0,7.941347492711799
646,-43.89,-59.22,0.0,1.0,15.5,692.0,0.0,0.0,0.0,4.407675124144244
647,-98.46,-5.84,0.0,1.0,30.0,641.0,0.0,0.0,0.0,1.5477725931156607
648,-73.14,-15.79,0.0,1.0,20.5,92.0,0.0,0.0,0.0,3.7529988009590456
649,160.67,-86.58,0.0,1.0,6.0,218.0,0.0,0.0,0.0,8.530375138292571
650,-55.9,-57.92,0.0,1.0,19.5,192.0,0.0,0.0,0.0,7.719281054606062
651,-96.79,15.95,0.0,1.0,24.5,378.0,0.0,0.0,0.0,2.096115454835441
652,25.75,34.99,0.0,1.0,1.0,152.0,0.0,0.0,0.0,20.38379994014855
653,-160.73,101.17,0.0,1.0,7.0,804.0,0.0,0.0,0.0,5.8764955543248725
654,-82.12,112.96,0.0,1.0,30.0,590.0,0.0,0.0,0.0,1.369999999999995
655,183.96,-153.18,0.0,1.0,19.5,122.0,0.0,0.0,0.0,5.225562170714269
656,-103.57,36.51,0.0,1.0,18.0,850.0,0.0,0.0,0.0,1.8832153355365404
657,84.57,-47.62,0.0,1.0,12.0,417.0,0.0,0.0,0.0,5.886696866664698
658,-28.96,-3.64,0.0,1.0,2.0,859.0,0.0,0.0,0.0,18.473776008168983
659,219.79,-213.65,0.0,1.0,5.5,445.0,0.0,0.0,0.0,2.487086649073584
660,-108.29,15.32,0.0,1.0,25.0,668.0,0.0,0.0,0.0,4.691449669345295
661,175.75,-161.11,0.0,1.0,21.5,667.0,0.0,0.0,0.0,1.2841339493993704
662,-111.26,129.91,0.0,1.0,14.5,552.0,0.0,0.0,0.0,4.888067102649076
663,165.02,-115.51,0.0,1.0,17.0,149.0,0.0,0.0,0.0,4.139432328230523
664,-53.66,61.4,0.0,1.0,26.0,65.0,0.0,0.0,0.0,1.0987720418721962
665,-139.17,188.11,0.0,1.0,5.0,89.0,0.0,0.0,0.0,13.445028821092192
666,-110.05,32.22,0.0,1.0,22.5,918.0,0.0,0.0,0.0,2.9298464123567984
667,175.94,-159.84,0.0,1.0,22.5,710.0,0.0,0.0,0.0,3.3959976442865796
668,-103.8,13.96,0.0,1.0,27.0,409.0,0.0,0.0,0.0,0.9831073186585482
669,181.01,-188.69,0.0,1.0,8.0,550.0,0.0,0.0,0.0,11.408965772584281
670,-101.71,22.5,0.0,1.0,24.5,411.0,0.0,0.0,0.0,5.156403785585459
671,-116.16,127.68,0.0,1.0,11.5,662.0,0.0,0.0,0.0,5.383576877875886
672,-79.17,88.97,0.0,1.0,24.5,861.0,0.0,0.0,0.0,6.429626738777293
673,-16.93,21.15,0.0,1.0,15.0,464.0,0.0,0.0,0.0,0.36235341863986814
674,-65.61,-69.2,0.0,1.0,9.0,529.0,0.0,0.0,0.0,3.814354467010108
675,76.04,-9.57,0.0,1.0,7.5,174.0,0.0,0.0,0.0,6.542812850754635
676,-100.32,12.87,0.0,1.0,27.5,536.0,0.0,0.0,0.0,1.7695479648769088
677,168.81,-122.36,0.0,1.0,18.5,733.0,0.0,0.0,0.0,3.71673243589043
678,-37.49,61.72,0.0,1.0,24.5,403.0,0.0,0.0,0.0,1.1386395390991786
679,-78.55,91.43,0.0,1.0,24.0,672.0,0.0,0.0,0.0,2.5369272752682615
680,-111.72,159.34,0.0,1.0,10.0,374.0,0.0,0.0,0.0,5.166517202139181
681,106.52,-85.72,0.0,1.0,17.0,916.0,0.0,0.0,0.0,5.047316118493086
682,-92.02,106.33,0.0,1.0,26.5,956.0,0.0,0.0,0.0,2.6184155514356373
683,-110.99,0.48,0.0,1.0,22.0,311.0,0.0,0.0,0.0,3.575611835756225
684,167.88,-132.26,0.0,1.0,26.0,175.0,0.0,0.0,0.0,5.035722391077572
685,-63.53,-55.65,0.0,1.0,19.0,192.0,0.0,0.0,0.0,1.4629080627298479
686,-97.34,132.28,0.0,1.0,19.5,548.0,0.0,0.0,0.0,2.865658737533135
687,-44.71,71.94,0.0,1.0,24.5,810.0,0.0,0.0,0.0,2.514537730876194
688,-59.66,92.9,0.0,1.0,26.5,794.0,0.0,0.0,0.0,1.8701069488133606
689,-60.87,94.89,0.0,1.0,25.5,688.0,0.0,0.0,0.0,2.3289911979223925
690,-61.97,62.99,0.0,1.0,20.5,103.0,0.0,0.0,0.0,5.271973065181572
691,-74.24,-36.15,0.0,1.0,23.5,763.0,0.0,0.0,0.0,2.1758906222510315
692,-46.19,-55.46,0.0,1.0,16.0,870.0,0.0,0.0,0.0,4.503709582111177
693,-36.85,-79.69,0.0,1.0,9.5,907.0,0.0,0.0,0.0,2.9468797057226515
694,169.16,-143.03,0.0,1.0,28.0,inf,9.0,0.0,1.0,999.0
695,228.74,-219.73,0.0,1.0,3.5,659.0,0.0,0.0,0.0,10.819838261268055
696,185.29,-149.62,0.0,1.0,17.5,655.0,0.0,0.0,0.0,3.8003289331319694
697,-68.05,122.34,0.0,1.0,15.5,191.0,0.0,0.0,0.0,5.391335641564159
698,-59.42,71.08,0.0,1.0,27.5,212.0,0.0,0.0,0.0,6.254998001598409
699,-98.72,16.77,0.0,1.0,24.0,378.0,0.0,0.0,0.0,2.07393346084198
700,150.8,-101.8,0.0,1.0,26.0,857.0,0.0,0.0,0.0,2.197384809267597
701,-47.72,14.19,0.0,1.0,2.5,364.0,0.0,0.0,0.0,7.564846330230377
702,144.47,-145.54,0.0,1.0,10.0,237.0,0.0,0.0,0.0,2.1337759957408826
703,120.15,-73.05,0.0,1.0,24.5,521.0,0.0,0.0,0.0,4.002624139236647
704,-49.2,-35.19,0.0,1.0,16.5,3.0,0.0,0.0,0.0,3.0162891108114884
705,150.67,-123.45,0.0,1.0,24.0,23.0,0.0,0.0,0.0,0.7399999999999876
706,-97.93,-13.04,0.0,1.0,23.0,933.0,0.0,0.0,0.0,2.60345923724571
707,-141.25,43.2,0.0,1.0,10.5,734.0,0.0,0.0,0.0,2.967709554521804
708,183.99,-177.34,0.0,1.0,16.5,714.0,0.0,0.0,0.0,2.6037665025881207
709,-111.71,5.11,0.0,1.0,22.5,153.0,0.0,0.0,0.0,4.105715528382352
710,179.22,-158.96,0.0,1.0,24.5,851.0,0.0,0.0,0.0,11.41421044137526
711,-12.24,10.12,0.0,1.0,12.5,644.0,0.0,0.0,0.0,2.3104112188093273
712,-130.71,24.61,0.0,1.0,11.5,474.0,0.0,0.0,0.0,6.282077681786499
713,-76.86,-7.56,0.0,1.0,20.0,232.0,0.0,0.0,0.0,4.860041152089151
714,183.85,-174.74,0.0,1.0,17.5,756.0,0.0,0.0,0.0,11.124603363715943
715,160.24,-155.4,0.0,1.0,20.5,510.0,0.0,0.0,0.0,1.595305613354374
716,-58.71,-40.54,0.0,1.0,26.0,73.0,0.0,0.0,0.0,2.1306337085477622
717,-14.38,20.9,0.0,1.0,15.0,464.0,0.0,0.0,0.0,2.3810291892372937
718,-124.68,45.17,0.0,1.0,19.0,586.0,0.0,0.0,0.0,3.915418240750284
719,-97.02,24.48,0.0,1.0,20.5,773.0,0.0,0.0,0.0,3.0753861546153884
720,-97.49,2.79,0.0,1.0,30.0,972.0,0.0,0.0,0.0,5.562921894112852
721,-87.81,-35.03,0.0,1.0,20.0,116.0,0.0,0.0,0.0,3.7425793244766385
722,-18.16,29.48,0.0,1.0,17.5,744.0,0.0,0.0,0.0,3.7447830377740186
723,-43.31,-56.36,0.0,1.0,14.5,646.0,0.0,0.0,0.0,2.9182186347153625
724,-49.27,74.55,0.0,1.0,29.5,90.0,0.0,0.0,0.0,3.9446292601459985
725,166.78,-105.16,0.0,1.0,12.0,921.0,0.0,0.0,0.0,7.45573604682998
726,-76.4,114.46,0.0,1.0,28.0,570.0,0.0,0.0,0.0,0.8579627031520517
727,-85.1,126.03,0.0,1.0,26.0,584.0,0.0,0.0,0.0,4.916838415079347
728,131.02,-77.86,0.0,1.0,22.0,580.0,0.0,0.0,0.0,2.0353132437047705
729,-74.89,-41.02,0.0,1.0,22.5,429.0,0.0,0.0,0.0,3.5798463654184935
730,-72.81,116.09,0.0,1.0,23.5,726.0,0.0,0.0,0.0,3.9427148007432713
731,-1.31,17.28,0.0,1.0,11.0,633.0,0.0,0.0,0.0,2.9134172375408234
732,-108.14,40.38,0.0,1.0,21.0,78.0,0.0,0.0,0.0,5.139815171774173
733,167.1,-125.66,0.0,1.0,23.5,684.0,0.0,0.0,0.0,6.6459310860104415
734,-139.62,40.72,0.0,1.0,12.5,798.0,0.0,0.0,0.0,5.639379398479952
735,-87.89,103.52,0.0,1.0,28.5,28.0,0.0,0.0,0.0,3.078830946966724
736,-93.73,125.53,0.0,1.0,26.5,247.0,0.0,0.0,0.0,4.819813274391448
737,116.97,-82.76,0.0,1.0,28.0,943.0,0.0,0.0,0.0,5.363664791912333
738,-103.69,36.7,0.0,1.0,18.0,850.0,0.0,0.0,0.0,1.833084831643095
739,-34.76,51.54,0.0,1.0,24.5,585.0,0.0,0.0,0.0,1.5328731193415863
740,-157.48,102.05,0.0,1.0,7.0,804.0,0.0,0.0,0.0,6.548320395338035
741,-76.09,130.53,0.0,1.0,15.5,293.0,0.0,0.0,0.0,5.664644737315847
742,-124.54,47.15,0.0,1.0,18.0,718.0,0.0,0.0,0.0,1.9849433241279177
743,-122.47,148.29,0.0,1.0,11.0,796.0,0.0,0.0,0.0,3.5177407522442743
744,-16.91,25.95,0.0,1.0,18.0,196.0,0.0,0.0,0.0,12.409661558640511
745,14.11,-3.9,0.0,1.0,5.0,768.0,0.0,0.0,0.0,12.773950054701167
746,-77.91,132.6,0.0,1.0,14.5,741.0,0.0,0.0,0.0,2.7563200104487047
747,-104.54,26.51,0.0,1.0,23.5,834.0,0.0,0.0,0.0,2.75726313579245
748,-128.34,51.19,0.0,1.0,17.0,449.0,0.0,0.0,0.0,5.033020961609435
749,-44.24,-67.95,0.0,1.0,14.0,0.0,0.0,0.0,0.0,8.541896744868785
750,-112.02,2.44,0.0,1.0,22.0,709.0,0.0,0.0,0.0,2.687936011143123
751,173.6,-141.03,0.0,1.0,25.0,559.0,0.0,0.0,0.0,4.377784827969511
752,-49.87,41.46,0.0,1.0,13.5,498.0,0.0,0.0,0.0,2.3601906702637363
753,-117.65,48.64,0.0,1.0,16.5,880.0,0.0,0.0,0.0,2.9160589843142746
754,-191.0,117.33,0.0,1.0,5.0,782.0,0.0,0.0,0.0,4.424409565128434
755,130.69,-74.82,0.0,1.0,21.5,728.0,0.0,0.0,0.0,3.0578587279336578
756,183.53,-163.62,0.0,1.0,18.0,122.0,0.0,0.0,0.0,5.8078911835536235
757,-59.63,-44.15,0.0,1.0,25.0,716.0,0.0,0.0,0.0,3.725385886052611
758,-99.25,-9.98,0.0,1.0,26.5,647.0,0.0,0.0,0.0,4.214700463852682
759,-20.78,41.03,0.0,1.0,17.0,991.0,0.0,0.0,0.0,1.807097119692247
760,-113.91,119.1,0.0,1.0,12.0,249.0,0.0,0.0,0.0,4.841249838626373
761,-54.6,54.46,0.0,1.0,19.5,837.0,0.0,0.0,0.0,3.0689411854905275
762,-89.85,114.63,0.0,1.0,29.5,294.0,0.0,0.0,0.0,2.3693459012984968
763,-72.81,-34.51,0.0,1.0,25.5,904.0,0.0,0.0,0.0,1.185959527134035
764,-58.28,-70.58,0.0,1.0,12.0,561.0,0.0,0.0,0.0,2.8823081028925444
765,-91.67,113.44,0.0,1.0,27.5,762.0,0.0,0.0,0.0,2.1745114393812743
766,165.53,-137.56,0.0,1.0,27.0,175.0,0.0,0.0,0.0,2.590173739346459
767,-64.7,91.66,0.0,1.0,27.0,530.0,0.0,0.0,0.0,2.993125456775914
768,1.64,-6.67,0.0,1.0,6.5,894.0,0.0,0.0,0.0,5.934854673873658
769,-38.8,-82.29,0.0,1.0,10.5,532.0,0.0,0.0,0.0,3.3584073606398634
770,203.28,-170.94,0.0,1.0,10.5,279.0,0.0,0.0,0.0,5.4221951274368445
771,-154.52,99.79,0.0,1.0,6.5,740.0,0.0,0.0,0.0,3.7241374840357113
772,93.99,-31.41,0.0,1.0,15.0,776.0,0.0,0.0,0.0,5.00692520415474
773,-100.0,23.72,0.0,1.0,23.0,670.0,0.0,0.0,0.0,2.1005951537599947
774,-105.21,146.53,0.0,1.0,15.5,551.0,0.0,0.0,0.0,8.380626468230158
775,128.41,-95.76,0.0,1.0,30.0,792.0,0.0,0.0,0.0,6.491995070854563
776,92.06,-36.03,0.0,1.0,15.5,173.0,0.0,0.0,0.0,8.312406390450365
777,-32.02,40.9,0.0,1.0,22.0,194.0,0.0,0.0,0.0,3.4134147125715613
778,139.86,-109.51,0.0,1.0,29.5,50.0,0.0,0.0,0.0,2.596786475627134
779,147.63,-105.19,0.0,1.0,27.5,287.0,0.0,0.0,0.0,4.787118130984454
780,-92.82,-27.9,0.0,1.0,20.5,546.0,0.0,0.0,0.0,6.170810319560956
781,-4.07,18.79,0.0,1.0,12.0,633.0,0.0,0.0,0.0,1.9536888186197916
782,-189.77,121.58,0.0,1.0,5.5,110.0,0.0,0.0,0.0,18.960152952969555
783,122.98,-101.1,0.0,1.0,24.5,263.0,0.0,0.0,0.0,4.958265825870967
784,116.11,-68.41,0.0,1.0,25.0,58.0,0.0,0.0,0.0,5.7738895036188636
785,-139.37,38.78,0.0,1.0,12.5,798.0,0.0,0.0,0.0,6.5454182448488405
786,-119.86,150.3,0.0,1.0,11.0,215.0,0.0,0.0,0.0,1.292439553712272
787,86.98,-25.06,0.0,1.0,13.5,866.0,0.0,0.0,0.0,2.965029510814346
788,-52.72,-29.47,0.0,1.0,17.0,507.0,0.0,0.0,0.0,3.3525661813005305
789,-42.43,93.26,0.0,1.0,15.0,400.0,0.0,0.0,0.0,9.972462083156804
790,-106.2,155.23,0.0,1.0,11.0,988.0,0.0,0.0,0.0,4.467225089471093
791,-40.04,41.73,0.0,1.0,21.5,549.0,0.0,0.0,0.0,6.644877726489782
792,134.45,-93.38,0.0,1.0,31.5,214.0,0.0,0.0,0.0,2.1165301793265403
793,148.86,-114.55,0.0,1.0,27.0,504.0,0.0,0.0,0.0,2.4101867147588294
794,-59.64,91.03,0.0,1.0,29.5,428.0,0.0,0.0,0.0,1.4234113952051985
795,-67.03,76.77,0.0,1.0,27.5,297.0,0.0,0.0,0.0,1.0577334257741846
796,-120.7,151.33,0.0,1.0,11.5,577.0,0.0,0.0,0.0,4.171678319333848
797,193.89,-164.68,0.0,1.0,16.5,408.0,0.0,0.0,0.0,8.09694386790473
798,-134.57,43.23,0.0,1.0,15.5,384.0,0.0,0.0,0.0,4.434974633523836
799,183.6,-123.58,0.0,1.0,8.5,434.0,0.0,0.0,0.0,7.294580179832149
800,-94.96,-8.25,0.0,1.0,30.0,641.0,0.0,0.0,0.0,3.719529540143489
801,-129.27,164.25,0.0,1.0,7.5,240.0,0.0,0.0,0.0,6.310958722729873
802,101.61,-57.75,0.0,1.0,22.0,96.0,0.0,0.0,0.0,2.8647163908491886
803,104.24,-46.58,0.0,1.0,16.0,146.0,0.0,0.0,0.0,6.635096080690921
804,-158.77,95.63,0.0,1.0,7.5,807.0,0.0,0.0,0.0,6.0781987463392495
805,-80.07,1.51,0.0,1.0,17.5,238.0,0.0,0.0,0.0,3.2237400639629734
806,134.52,-89.42,0.0,1.0,32.0,214.0,0.0,0.0,0.0,5.895421952668012
807,-159.24,89.57,0.0,1.0,8.0,811.0,0.0,0.0,0.0,8.486489262351064
808,-25.22,30.35,0.0,1.0,17.0,949.0,0.0,0.0,0.0,3.2768582514353612
809,185.22,-134.41,0.0,1.0,12.5,824.0,0.0,0.0,0.0,6.9165453804627
810,-44.98,69.44,0.0,1.0,27.0,9.0,0.0,0.0,0.0,5.467952084647414
811,-166.62,85.38,0.0,1.0,9.0,446.0,0.0,0.0,0.0,16.035912820915442
812,-123.88,28.98,0.0,1.0,20.5,905.0,0.0,0.0,0.0,6.046329465055633
813,-172.67,230.0,0.0,1.0,1.0,61.0,0.0,0.0,0.0,20.382467956555203
814,-90.86,146.01,0.0,1.0,11.0,300.0,0.0,0.0,0.0,7.410330626901876
815,144.94,-122.3,0.0,1.0,23.5,23.0,0.0,0.0,0.0,5.218524695735377
816,-69.86,97.41,0.0,1.0,29.0,414.0,0.0,0.0,0.0,6.611845430740197
817,-152.93,88.33,0.0,1.0,8.0,446.0,0.0,0.0,0.0,5.287882373880868
818,-66.53,-35.79,0.0,1.0,27.5,205.0,0.0,0.0,0.0,3.211790777743776
819,-45.24,48.4,0.0,1.0,20.5,578.0,0.0,0.0,0.0,3.75238590765929
820,-161.91,66.52,0.0,1.0,5.5,482.0,0.0,0.0,0.0,4.125348470129508
821,154.46,-128.1,0.0,1.0,25.5,398.0,0.0,0.0,0.0,1.3729530217745902
822,-117.95,34.04,0.0,1.0,22.0,918.0,0.0,0.0,0.0,6.70671305484289
823,132.02,-120.39,0.0,1.0,14.5,901.0,0.0,0.0,0.0,6.219300603765648
824,181.53,-140.26,0.0,1.0,18.0,934.0,0.0,0.0,0.0,4.39001138950688
825,154.59,-120.03,0.0,1.0,27.5,87.0,0.0,0.0,0.0,12.082954936603892
826,-65.75,76.17,0.0,1.0,29.5,413.0,0.0,0.0,0.0,7.567641640564122
827,118.51,-94.09,0.0,1.0,23.5,227.0,0.0,0.0,0.0,4.761228832979985
828,-84.73,4.17,0.0,1.0,22.0,151.0,0.0,0.0,0.0,1.4263590010933425
829,108.35,-47.3,0.0,1.0,15.0,803.0,0.0,0.0,0.0,4.172589124272841
830,96.25,-25.38,0.0,1.0,12.5,772.0,0.0,0.0,0.0,6.439604025093471
831,40.13,55.53,0.0,1.0,2.0,152.0,0.0,0.0,0.0,19.967125481651085
832,-42.36,78.47,0.0,1.0,20.0,571.0,0.0,0.0,0.0,1.000899595364092
833,-69.67,-22.77,0.0,1.0,23.0,228.0,0.0,0.0,0.0,4.933011250747358
834,-102.73,24.43,0.0,1.0,24.0,670.0,0.0,0.0,0.0,2.18295671051902
835,-101.88,121.77,0.0,1.0,25.5,135.0,0.0,0.0,0.0,6.35132269688763
836,-14.21,68.43,0.0,1.0,5.0,99.0,0.0,0.0,0.0,9.406125663630057
837,-52.82,56.96,0.0,1.0,23.0,664.0,0.0,0.0,0.0,4.518760892103052
838,137.07,-108.64,0.0,1.0,29.5,50.0,0.0,0.0,0.0,3.9071344998604816
839,-123.13,37.73,0.0,1.0,21.5,905.0,0.0,0.0,0.0,3.8675702967108343
840,174.0,-152.58,0.0,1.0,23.5,851.0,0.0,0.0,0.0,3.3533565274214503
841,-118.48,12.97,0.0,1.0,17.5,495.0,0.0,0.0,0.0,6.626869547531481
842,-183.82,112.79,0.0,1.0,4.5,453.0,0.0,0.0,0.0,5.447366336129776
843,-100.41,56.19,0.0,1.0,5.5,6.0,0.0,0.0,0.0,13.701346649143654
844,124.39,-65.36,0.0,1.0,18.5,181.0,0.0,0.0,0.0,5.774997835497434
845,-88.56,151.68,0.0,1.0,7.0,814.0,0.0,0.0,0.0,6.118733529089183
846,31.59,-15.72,0.0,1.0,2.0,451.0,0.0,0.0,0.0,18.294589364071552
847,0.15,5.08,0.0,1.0,9.5,461.0,0.0,0.0,0.0,4.599489102063403
848,119.22,-69.24,0.0,1.0,23.0,784.0,0.0,0.0,0.0,3.2188507265792854
849,-67.02,102.67,0.0,1.0,25.0,505.0,0.0,0.0,0.0,5.601803281087267
850,-105.38,35.99,0.0,1.0,19.0,32.0,0.0,0.0,0.0,4.639967672301183
851,173.03,-149.37,0.0,1.0,26.0,694.0,0.0,0.0,0.0,7.427819330059131
852,100.44,-23.66,0.0,1.0,8.5,830.0,0.0,0.0,0.0,4.529293543147759
853,-58.17,98.36,0.0,1.0,18.0,689.0,0.0,0.0,0.0,4.396691938264492
854,-32.57,60.83,0.0,1.0,19.0,190.0,0.0,0.0,0.0,3.292187722472702
855,-58.54,93.28,0.0,1.0,25.5,688.0,0.0,0.0,0.0,1.1827087553577975
856,167.19,-140.59,0.0,1.0,26.5,694.0,0.0,0.0,0.0,3.1360006377550347
857,150.62,-103.99,0.0,1.0,27.0,779.0,0.0,0.0,0.0,3.2218162579514154
858,153.41,-138.52,0.0,1.0,22.0,226.0,0.0,0.0,0.0,0.7071067811865637
859,-38.16,12.38,0.0,1.0,5.0,476.0,0.0,0.0,0.0,14.5483641692116
860,197.66,-189.18,0.0,1.0,9.5,67.0,0.0,0.0,0.0,4.752946454569012
861,-80.72,95.21,0.0,1.0,26.5,291.0,0.0,0.0,0.0,3.2931443940404543
862,94.87,-44.25,0.0,1.0,17.5,572.0,0.0,0.0,0.0,1.526106156202767
863,154.16,-111.44,0.0,1.0,26.5,504.0,0.0,0.0,0.0,3.7406550228536113
864,97.23,-50.44,0.0,1.0,18.5,615.0,0.0,0.0,0.0,2.807222826923434
865,83.32,-20.83,0.0,1.0,12.5,787.0,0.0,0.0,0.0,5.593612428475903
866,89.63,-26.39,0.0,1.0,14.5,772.0,0.0,0.0,0.0,6.649060083951715
867,-68.71,-17.88,0.0,1.0,20.0,648.0,0.0,0.0,0.0,4.898264998956269
868,81.96,-26.13,0.0,1.0,12.5,534.0,0.0,0.0,0.0,1.389280389266332
869,106.15,-79.57,0.0,1.0,22.0,223.0,0.0,0.0,0.0,6.50643527594026
870,-50.24,-53.49,0.0,1.0,19.0,594.0,0.0,0.0,0.0,5.423329235810783
871,-98.8,8.87,0.0,1.0,27.5,395.0,0.0,0.0,0.0,0.475394572960196
872,-136.03,192.39,0.0,1.0,5.0,89.0,0.0,0.0,0.0,11.475556631379586
873,-90.35,-7.85,0.0,1.0,28.0,986.0,0.0,0.0,0.0,3.7489865297170692
874,-96.16,93.36,0.0,1.0,15.0,620.0,0.0,0.0,0.0,5.834732213221095
875,150.38,-105.59,0.0,1.0,27.0,779.0,0.0,0.0,0.0,2.7789386463180517
876,174.82,-161.84,0.0,1.0,21.5,667.0,0.0,0.0,0.0,2.2922478051031066
877,10.34,-20.98,0.0,1.0,3.0,259.0,0.0,0.0,0.0,11.53919407931074
878,-28.16,-87.08,0.0,1.0,11.0,538.0,0.0,0.0,0.0,7.987052021866394
879,128.65,-98.74,0.0,1.0,28.0,775.0,0.0,0.0,0.0,2.989648808806804
880,-116.68,45.89,0.0,1.0,19.5,85.0,0.0,0.0,0.0,6.248663857177788
881,-50.52,47.21,0.0,1.0,20.0,819.0,0.0,0.0,0.0,5.412439376103903
882,-142.11,65.6,0.0,1.0,10.0,436.0,0.0,0.0,0.0,10.921877128039869
883,-13.07,15.06,0.0,1.0,14.0,587.0,0.0,0.0,0.0,5.083669934210914
884,134.53,-106.74,0.0,1.0,28.5,516.0,0.0,0.0,0.0,3.153569406244301
885,169.58,-115.97,0.0,1.0,13.0,663.0,0.0,0.0,0.0,4.583143026352114
886,-49.81,76.5,0.0,1.0,29.5,90.0,0.0,0.0,0.0,2.7166155414412203
887,-95.97,117.57,0.0,1.0,31.5,51.0,0.0,0.0,0.0,11.92507023040116
888,-204.52,134.43,0.0,1.0,2.5,274.0,0.0,0.0,0.0,12.591242988680667
889,-79.17,88.83,0.0,1.0,24.5,861.0,0.0,0.0,0.0,6.565584513202151
890,152.2,-132.19,0.0,1.0,23.5,821.0,0.0,0.0,0.0,4.672868498042729
891,-52.92,-63.72,0.0,1.0,16.0,147.0,0.0,0.0,0.0,6.131133663524226
892,-56.18,92.37,0.0,1.0,25.0,20.0,0.0,0.0,0.0,2.1510230124292113
893,152.41,-123.18,0.0,1.0,24.5,630.0,0.0,0.0,0.0,1.709883036935567
894,-4.21,-5.67,0.0,1.0,7.0,511.0,0.0,0.0,0.0,4.526566027354511
895,-87.09,-1.37,0.0,1.0,27.0,111.0,0.0,0.0,0.0,4.088826237442723
896,-7.64,-145.59,0.0,1.0,4.0,388.0,0.0,0.0,0.0,13.89814735855108
897,-105.76,27.59,0.0,1.0,23.5,411.0,0.0,0.0,0.0,3.9872923143406473
898,-64.98,-45.49,0.0,1.0,27.0,124.0,0.0,0.0,0.0,0.4651881339845231
899,123.82,-73.61,0.0,1.0,24.0,521.0,0.0,0.0,0.0,1.2126417442921815
900,-92.79,105.03,0.0,1.0,26.0,682.0,0.0,0.0,0.0,1.5109268678529775
901,138.23,-120.05,0.0,1.0,22.5,457.0,0.0,0.0,0.0,5.154852083231869
902,-87.7,97.69,0.0,1.0,24.0,735.0,0.0,0.0,0.0,5.833095233235952
903,-91.91,9.04,0.0,1.0,23.5,871.0,0.0,0.0,0.0,6.892096923288297
904,-73.85,-33.94,0.0,1.0,26.0,607.0,0.0,0.0,0.0,2.550019607767748
905,-121.18,34.39,0.0,1.0,22.0,165.0,0.0,0.0,0.0,9.233417568809504
906,107.59,-58.0,0.0,1.0,23.0,908.0,0.0,0.0,0.0,9.541425470022807
907,-34.45,-81.4,0.0,1.0,11.0,538.0,0.0,0.0,0.0,4.7456190323286656
908,115.47,-63.38,0.0,1.0,23.5,784.0,0.0,0.0,0.0,5.070552238168929
909,-53.71,-81.38,0.0,1.0,11.0,166.0,0.0,0.0,0.0,7.389350445066199
910,-122.96,53.64,0.0,1.0,15.5,748.0,0.0,0.0,0.0,5.911590310567886
911,-157.2,68.3,0.0,1.0,7.0,156.0,0.0,0.0,0.0,10.283968105745954
912,-64.49,56.67,0.0,1.0,13.0,172.0,0.0,0.0,0.0,5.815573918367807
913,-20.42,22.19,0.0,1.0,17.5,744.0,0.0,0.0,0.0,5.143704890446185
914,107.1,-72.75,0.0,1.0,26.0,58.0,0.0,0.0,0.0,4.7975514588173
915,-98.89,6.47,0.0,1.0,29.5,720.0,0.0,0.0,0.0,3.9373087255128993
916,111.29,-87.37,0.0,1.0,20.5,454.0,0.0,0.0,0.0,3.9728327425150924
917,-182.07,114.45,0.0,1.0,4.5,453.0,0.0,0.0,0.0,3.344622549705722
918,-112.33,30.38,0.0,1.0,24.0,411.0,0.0,0.0,0.0,8.707910197056467
919,-83.24,138.86,0.0,1.0,13.0,11.0,0.0,0.0,0.0,5.8482988979702535
920,-42.45,-72.04,0.0,1.0,12.5,749.0,0.0,0.0,0.0,4.464549249364377
921,159.4,-104.1,0.0,1.0,18.0,553.0,0.0,0.0,0.0,6.816524040887704
922,-100.32,136.13,0.0,1.0,18.0,686.0,0.0,0.0,0.0,4.868562416155296
923,-13.28,-146.46,0.0,1.0,3.5,896.0,0.0,0.0,0.0,5.706706580857299
924,-16.17,-86.15,0.0,1.0,8.5,593.0,0.0,0.0,0.0,4.629092783688828
925,121.72,-80.22,0.0,1.0,29.0,943.0,0.0,0.0,0.0,3.193117598836598
926,-92.59,106.12,0.0,1.0,26.0,682.0,0.0,0.0,0.0,0.6074537019395023
927,-111.74,177.71,0.0,1.0,5.0,292.0,0.0,0.0,0.0,14.017260788042728
928,122.23,-63.03,0.0,1.0,18.5,71.0,0.0,0.0,0.0,4.637779641164517
929,-82.71,89.98,0.0,1.0,19.5,672.0,0.0,0.0,0.0,3.6812633700945594
930,-66.16,-1.4,0.0,1.0,9.0,993.0,0.0,0.0,0.0,6.1314027758743785
931,-98.87,126.97,0.0,1.0,24.0,736.0,0.0,0.0,0.0,5.337902209670013
932,-131.84,167.59,0.0,1.0,5.0,801.0,0.0,0.0,0.0,4.214320823098307
933,-96.97,-10.62,0.0,1.0,26.5,800.0,0.0,0.0,0.0,3.107571399018857
934,181.54,-144.65,0.0,1.0,20.5,123.0,0.0,0.0,0.0,3.4556764894879817
935,-61.03,94.44,0.0,1.0,25.5,688.0,0.0,0.0,0.0,2.0611889772653034
936,-29.17,55.73,0.0,1.0,21.0,958.0,0.0,0.0,0.0,6.020797289396141
937,-97.8,17.15,0.0,1.0,24.0,651.0,0.0,0.0,0.0,1.5684705926474938
938,-66.12,-44.96,0.0,1.0,27.5,579.0,0.0,0.0,0.0,5.221158875192364
939,-51.53,-41.86,0.0,1.0,23.5,716.0,0.0,0.0,0.0,7.300328759720346
940,-84.51,105.99,0.0,1.0,29.5,28.0,0.0,0.0,0.0,1.641493222648209
941,220.18,-191.47,0.0,1.0,5.0,26.0,0.0,0.0,0.0,9.746630186890235
942,-120.49,138.75,0.0,1.0,11.5,551.0,0.0,0.0,0.0,10.803355960070927
943,122.3,-83.36,0.0,1.0,29.5,483.0,0.0,0.0,0.0,4.164156577267481
944,129.86,-102.86,0.0,1.0,26.5,516.0,0.0,0.0,0.0,3.1658963975468084
945,-127.89,30.7,0.0,1.0,15.0,474.0,0.0,0.0,0.0,0.5458937625582498
946,-71.55,71.0,0.0,1.0,20.0,217.0,0.0,0.0,0.0,3.5535475232505256
947,-67.27,88.31,0.0,1.0,28.0,413.0,0.0,0.0,0.0,4.943278264471866
948,112.3,-75.99,0.0,1.0,27.5,737.0,0.0,0.0,0.0,8.224463508339019
949,-26.05,33.52,0.0,1.0,18.0,196.0,0.0,0.0,0.0,0.5646237685397233
950,-16.38,-62.49,0.0,1.0,2.0,603.0,0.0,0.0,0.0,15.154896898362582
951,138.05,-97.24,0.0,1.0,31.5,367.0,0.0,0.0,0.0,3.2260502165961435
952,-56.55,-49.16,0.0,1.0,22.5,177.0,0.0,0.0,0.0,2.657310670584079
953,-37.38,78.89,0.0,1.0,18.0,571.0,0.0,0.0,0.0,4.126330088589616
954,-39.68,93.56,0.0,1.0,11.5,789.0,0.0,0.0,0.0,2.7663152387246104
955,-147.35,87.05,0.0,1.0,7.0,446.0,0.0,0.0,0.0,4.845172855533635
956,-93.71,108.33,0.0,1.0,27.0,583.0,0.0,0.0,0.0,3.3562628025826555
957,134.92,-78.3,0.0,1.0,20.5,728.0,0.0,0.0,0.0,3.924742029739002
958,-32.37,50.63,0.0,1.0,24.0,585.0,0.0,0.0,0.0,2.1112318678913526
959,-75.74,67.49,0.0,1.0,13.5,946.0,0.0,0.0,0.0,5.465912549611457
960,-99.44,1.93,0.0,1.0,30.0,972.0,0.0,0.0,0.0,4.2101068870041845
961,-108.63,-12.24,0.0,1.0,15.5,399.0,0.0,0.0,0.0,3.166354370565624
962,0.15,25.38,0.0,1.0,9.5,781.0,0.0,0.0,0.0,7.825375390356683
963,-106.7,160.49,0.0,1.0,9.0,555.0,0.0,0.0,0.0,2.6877685912295437
964,194.17,-184.41,0.0,1.0,13.0,440.0,0.0,0.0,0.0,5.796999223736364
965,-118.07,24.64,0.0,1.0,21.5,165.0,0.0,0.0,0.0,1.608788363955925
966,-75.32,-29.2,0.0,1.0,28.0,973.0,0.0,0.0,0.0,2.6785443808158176
967,-83.69,116.62,0.0,1.0,32.0,51.0,0.0,0.0,0.0,2.9283783908504826
968,147.7,-95.77,0.0,1.0,26.5,154.0,0.0,0.0,0.0,2.824535360019418
969,137.57,-104.61,0.0,1.0,30.0,420.0,0.0,0.0,0.0,2.822853166567469
970,-161.71,72.63,0.0,1.0,7.0,115.0,0.0,0.0,0.0,7.030056898774003
971,-45.69,79.5,0.0,1.0,24.0,179.0,0.0,0.0,0.0,2.26920690991368
972,-102.79,4.48,0.0,1.0,32.0,inf,10.0,0.0,1.0,999.0
973,-73.21,-27.55,0.0,1.0,28.5,375.0,0.0,0.0,0.0,3.1286578592105574
974,-80.25,116.6,0.0,1.0,29.0,967.0,0.0,0.0,0.0,3.440058139043581
975,-87.29,4.58,0.0,1.0,23.0,117.0,0.0,0.0,0.0,3.880631391925804
976,48.37,-29.29,0.0,1.0,2.5,444.0,0.0,0.0,0.0,13.323922095239075
977,-83.28,-18.25,0.0,1.0,25.5,541.0,0.0,0.0,0.0,2.745924252414842
978,159.49,-142.83,0.0,1.0,24.5,383.0,0.0,0.0,0.0,3.376758800980622
979,184.87,-141.48,0.0,1.0,15.0,824.0,0.0,0.0,0.0,3.5558402663786826
980,-103.99,-10.87,0.0,1.0,21.5,164.0,0.0,0.0,0.0,3.082628748325039
981,-37.69,54.06,0.0,1.0,24.5,585.0,0.0,0.0,0.0,5.186925871843556
982,141.77,-104.39,0.0,1.0,29.0,12.0,0.0,0.0,0.0,1.373207923076486
983,-78.68,107.56,0.0,1.0,31.0,98.0,0.0,0.0,0.0,4.397385586914106
984,133.27,-100.19,0.0,1.0,29.0,171.0,0.0,0.0,0.0,2.9644561052577574
985,-98.76,31.11,0.0,1.0,17.5,588.0,0.0,0.0,0.0,5.521775076911405
986,-92.53,-10.9,0.0,1.0,28.5,800.0,0.0,0.0,0.0,3.595469371306056
987,-39.23,72.61,0.0,1.0,21.5,687.0,0.0,0.0,0.0,5.520806100561769
988,-109.2,151.92,0.0,1.0,12.5,609.0,0.0,0.0,0.0,5.356724745588468
989,110.96,-59.64,0.0,1.0,23.0,908.0,0.0,0.0,0.0,5.858984553657747
990,-70.16,-44.34,0.0,1.0,24.0,579.0,0.0,0.0,0.0,3.5850383540486708
991,-20.62,39.23,0.0,1.0,18.5,19.0,0.0,0.0,0.0,1.1469088891450778
992,-78.28,112.46,0.0,1.0,30.5,590.0,0.0,0.0,0.0,4.751936447386474
993,-68.87,4.1,0.0,1.0,10.0,557.0,0.0,0.0,0.0,9.428451622615457
994,-46.76,45.51,0.0,1.0,19.5,819.0,0.0,0.0,0.0,3.265348373451138
995,-38.08,-45.51,0.0,1.0,10.5,206.0,0.0,0.0,0.0,9.33265771364192
996,-90.23,135.38,0.0,1.0,17.5,27.0,0.0,0.0,0.0,3.293098844553574
997,104.88,-59.1,0.0,1.0,23.0,302.0,0.0,0.0,0.0,8.377332511008497
998,181.24,-166.28,0.0,1.0,17.0,756.0,0.0,0.0,0.0,3.5099430194805077
999,-212.27,-34.71,0.0,1.0,1.5,inf,0.0,1.0,0.0,999.0
