,x,y,clusterId,weight,layer
0,6.163424640674478,-8.077570426027268,1.0,298.3995505052204,0.0
1,7.602860057712126,14.615972728742223,1.0,128.69656176077578,0.0
2,-15.524847331039203,9.008356994908537,1.0,99.85820167248016,0.0
3,1.2846005555598485,6.881767467499649,1.0,391.3348111602226,0.0
4,-2.105999290480715,9.023204729804341,1.0,325.4929542173989,0.0
5,-7.176232186812107,-11.155748835903697,1.0,207.4443054095538,0.0
6,0.882872611377239,5.738879623324401,1.0,422.43563057751817,0.0
7,5.30709000319883,13.169321085656255,1.0,182.47752004982794,0.0
8,-6.186144642176775,-26.90872429603452,1.0,11.054846781449552,0.0
9,4.142630604368343,-10.88408805065464,1.0,253.78419840866962,0.0
10,19.201197663488546,-6.068331492499659,1.0,65.82863357207015,0.0
11,-7.847227073294071,-21.76986863369909,1.0,34.36633093091014,0.0
12,-5.005377608321386,10.798419501133667,1.0,246.24075958013196,0.0
13,-5.981184129461296,4.218994936705144,1.0,382.5026912118737,0.0
14,-10.970207218528929,7.299447629217054,1.0,209.86641051225277,0.0
15,-5.377247995820646,-11.342685239260753,1.0,227.40932242639903,0.0
16,-6.76788764442228,-16.57920957079566,1.0,100.60838787035084,0.0
17,-15.42422784646357,-2.4981934989366223,1.0,147.50605434340125,0.0
18,-2.458526394883667,-8.374508056344107,1.0,341.62867866288116,0.0
19,-4.649344351047858,6.163274578525018,1.0,371.14629695622295,0.0
20,-1.930863823971828,-12.770321856188323,1.0,217.14412885465958,0.0
21,-3.2058631359825447,-20.52786252153097,1.0,57.757580662747,0.0
22,-7.63536951135473,6.901105867988528,1.0,294.41414999506867,0.0
23,1.167833735367102,1.9114428613306451,1.0,487.61241132702975,0.0
24,-0.7748688640297274,12.607277531972876,1.0,225.17744949607248,0.0
25,-14.155627735298408,-0.5628712528271959,1.0,183.2983210600642,0.0
26,12.718849655449144,-1.2940358823373035,1.0,220.82924842183016,0.0
27,-1.3537818036080143,-1.3400824295507259,1.0,491.0104290385564,0.0
28,-10.601351757439478,-6.9629189538794165,1.0,223.6883081127401,0.0
29,-1.6115213122119725,9.4456486807794,1.0,315.9303249845508,0.0
30,-7.801800963050849,8.488120808925807,1.0,257.2444069411115,0.0
31,2.991428247061375,13.445560185867508,1.0,193.63006168304858,0.0
32,0.8394589960119356,4.522687823625256,1.0,449.8036326521895,0.0
33,1.6040193986228686,1.3882158827973607,1.0,488.87556587532396,0.0
34,-1.3668331026484883,-6.740249393496733,1.0,394.6945305490531,0.0
35,-11.056892452263888,-9.660986524734497,1.0,170.14660397858353,0.0
36,-7.416133423320808,-4.530508903788772,1.0,342.7445333801438,0.0
37,-16.49662721336574,-20.81969374548441,1.0,14.681912779943984,0.0
38,15.939335125631274,-2.586382977137819,1.0,135.7546473246973,0.0
39,-16.347162953572383,-7.5433468863449065,1.0,98.88415406778853,0.0
40,15.11681995363632,5.591520768213854,1.0,136.41358651936716,0.0
41,-2.694580960186686,-1.1091739400877951,1.0,479.2167170489756,0.0
42,-6.293536510184234,1.0813917411518583,1.0,407.7760183001948,0.0
43,-5.4749802685554005,-2.1946199897874634,1.0,420.1657470317043,0.0
44,13.45549017290101,-13.300673338744778,1.0,83.4975644474198,0.0
45,-0.8311642690928346,12.297365833189529,1.0,233.9313967367922,0.0
46,-7.675985765903889,4.722228849959988,1.0,333.121432101555,0.0
47,-5.839053242889829,-0.9022598555417769,1.0,419.92033735421575,0.0
48,20.453884718462167,-12.638685622765173,1.0,27.774524806043484,0.0
49,2.1532315586599573,-15.84253393236267,1.0,139.28144367893086,0.0
50,-6.879891611345682,-20.104630583214256,1.0,52.298239088353355,0.0
51,13.911275618468032,14.180018950014075,1.0,69.52076359006846,0.0
52,0.5107737165426112,-2.5913415631670293,1.0,482.8607906479945,0.0
53,-0.1930684198621976,-18.8711804004654,1.0,84.25218240500173,0.0
54,20.19914474127317,-0.8453916273697291,1.0,64.78068072907118,0.0
55,-0.2487025752242142,12.66506373944394,1.0,224.14196780605144,0.0
56,19.949457054290953,-2.2120508905295946,1.0,66.70220887271742,0.0
57,4.504308709848503,6.195248680329905,1.0,372.8807198582031,0.0
58,-1.107889774717246,-13.774586528770234,1.0,192.438155016022,0.0
59,-14.396807958875836,-12.205510972074698,1.0,84.2168660819856,0.0
60,-2.660809221210479,-21.761802598553803,1.0,45.21045241263791,0.0
61,-6.41590589101805,31.72234320434101,1.0,2.657148524506052,0.0
62,0.8020698937376279,5.882425738614322,1.0,419.21204043178926,0.0
63,3.462327709307404,-12.166165502956439,1.0,224.66077938035338,0.0
64,1.3219869861303657,-2.3177960995404545,1.0,482.51352750676256,0.0
65,8.771558606543008,-15.52577479825867,1.0,101.96794315070828,0.0
66,-4.870047600095519,3.735073291325936,1.0,414.16623118127126,0.0
67,5.084286990449223,-6.278243146479401,1.0,360.78295411655324,0.0
68,0.8971854950189189,-1.1901325880190985,1.0,494.4773328431349,0.0
69,3.110399310823784,-7.892814308050001,1.0,348.8885710461804,0.0
70,2.780147924871565,0.6518876553186241,1.0,480.0245259979106,0.0
71,3.001521878254627,-2.6194598425899445,1.0,461.8566590570323,0.0
72,6.47231178797271,7.193871063576573,1.0,313.0600717413516,0.0
73,6.764387506132952,0.2777185263940126,1.0,397.59653853913767,0.0
74,-1.9478183312034678,-1.140667289019205,1.0,487.42308705346204,0.0
75,8.099871346392868,8.164608826778865,1.0,258.07863693682305,0.0
76,15.497398087476427,-5.695316731036382,1.0,127.94214859858127,0.0
77,4.820925692262571,-0.8483581223365604,1.0,443.5466216190775,0.0
78,-9.82354703260634,-12.975678099641181,1.0,132.9876951384237,0.0
79,-11.931401001525776,3.3190038568565243,1.0,232.23214958476763,0.0
80,5.286094186427549,-5.157489991394293,1.0,380.6558266063311,0.0
81,-4.068941435336971,4.405757022781939,1.0,417.704064315579,0.0
82,11.314577317171166,-2.347833137837279,1.0,256.45371420251956,0.0
83,12.417411259276411,6.860755116835666,1.0,182.78265742158024,0.0
84,-25.038963198702575,-5.52856899082593,1.0,18.67217284967882,0.0
85,-20.86327085139502,-7.378313447302446,1.0,43.20819596622517,0.0
86,-18.972735859630394,-12.457524149273244,1.0,38.047486670069006,0.0
87,0.5423272386625463,3.102366083264374,1.0,475.8078649492729,0.0
88,6.890350556459643,-12.931295101581666,1.0,170.90903902470478,0.0
89,-14.083134177852102,-7.297869132457948,1.0,142.11552564110252,0.0
90,9.845369940094212,0.7334624489509951,1.0,307.12711470854066,0.0
91,14.961372948657496,19.15236157030342,1.0,26.084204179802974,0.0
92,3.5658891305937197,-12.281627852131997,1.0,220.70751390569671,0.0
93,3.094834487127322,-7.485962268599247,1.0,360.14975838941945,0.0
94,7.298930009189268,6.571479188842653,1.0,308.682891354467,0.0
95,8.375652132328558,14.345541159280614,1.0,125.82318143771667,0.0
96,6.231494066809631,14.798618387686595,1.0,137.7520012388051,0.0
97,-0.4482394911223364,15.930974233939212,1.0,140.41801635879176,0.0
98,-0.733146683987677,2.554987028598063,1.0,482.64470595935416,0.0
99,-5.045440377573413,-2.469141055276059,1.0,427.0249607673266,0.0
100,-5.4466273166853965,5.968768323489097,1.0,360.73671693765436,0.0
101,-7.04530615538817,-8.75863437987081,1.0,265.8302702370258,0.0
102,2.4295397114463304,0.6055374822710298,1.0,484.56975985861095,0.0
103,-6.2979054890228205,14.529233525329728,1.0,142.7074736841364,0.0
104,-2.486024267136153,5.587913332910702,1.0,414.7113093571652,0.0
105,-5.423288273913,9.917660333946102,1.0,263.94688439089146,0.0
106,-0.06984103344055964,5.151232982870379,1.0,437.8637125318028,0.0
107,-2.10084149085422,9.29189859517461,1.0,317.616133437137,0.0
108,11.77593923272304,0.7362690660655831,1.0,249.2693188270429,0.0
109,-12.142771415588543,-9.347142103462136,1.0,154.5516404142014,0.0
110,-7.875640623256485,-8.780218819133701,1.0,249.39009315174593,0.0
111,3.4112816755053608,7.506861064605651,1.0,355.9033018211169,0.0
112,13.857211062480445,-11.466972505235463,1.0,99.19020942349081,0.0
113,23.493882438657693,10.993542992202434,1.0,17.296524763601674,0.0
114,-4.742097306796914,-9.661993223876001,1.0,280.17099096463227,0.0
115,-3.188458938351229,10.940862415802988,1.0,261.19425288080373,0.0
116,-2.7615148662767175,-1.334521956079967,1.0,477.0272095687713,0.0
117,-5.102935991808143,13.50964791498495,1.0,176.24153035343895,0.0
118,-7.1034823354042675,-0.347522694725928,1.0,388.2723133025246,0.0
119,16.835373926820317,18.6328906858173,1.0,21.36034029961066,0.0
120,-6.547859550808337,8.620201450890592,1.0,278.2990930593776,0.0
121,1.4467485097474904,5.784014297689744,1.0,418.5802321565373,0.0
122,-8.046292019173421,7.289917416280139,1.0,277.32207113829594,0.0
123,0.20605907000577547,6.748388100595077,1.0,398.09556396974125,0.0
124,0.01974284433173216,3.820160304075313,1.0,464.8143254686867,0.0
125,-1.9025198835021382,-2.969831682321409,1.0,469.8486811098375,0.0
126,-3.558217245973969,-0.7708051720476199,1.0,467.936613501331,0.0
127,3.8383703732575625,-18.684634472099766,1.0,81.07420415852393,0.0
128,4.110277975772901,-11.623137852634137,1.0,233.84289606130258,0.0
129,-1.6588044662576285,3.7651806920882427,1.0,459.42100363273255,0.0
130,-12.17449118034709,11.896912715270528,1.0,117.42904280491865,0.0
131,2.7456397194496205,11.161209509664777,1.0,258.2821062111342,0.0
132,5.558656907717248,-2.9531432427409383,1.0,410.1444809866022,0.0
133,-5.4391916358039065,-9.611465119091731,1.0,271.72289034625646,0.0
134,1.606594395610871,-2.7572730375202354,1.0,475.178060330759,0.0
135,-3.715535586150907,-3.267916165981383,1.0,442.3872787120504,0.0
136,-13.869919726227234,12.704198213354562,1.0,85.26392714934586,0.0
137,-1.1147290762878472,-12.510128289392846,1.0,227.2108508590409,0.0
138,6.039938037381952,1.863898319922064,1.0,409.4575587189903,0.0
139,-5.073865203298865,16.44767748569516,1.0,113.66517718084793,0.0
140,5.748320812543791,-26.691121458414475,1.0,12.028902722489446,0.0
141,10.210162487848184,6.569341976109545,1.0,239.269310156853,0.0
142,9.115509190013121,15.095084317909123,1.0,105.61893951223081,0.0
143,-0.6843033108332407,7.3027022000525035,1.0,382.0759635137266,0.0
144,11.368511739208653,5.508557304822258,1.0,225.12859779659962,0.0
145,5.985104708122623,15.16662365468221,1.0,132.3392023347647,0.0
146,8.176079783544665,-11.949907953420533,1.0,175.2765819899678,0.0
147,18.022931384474788,-3.761704694372807,1.0,91.81041174865038,0.0
148,4.309815921745365,2.3013342778081682,1.0,443.7471129474157,0.0
149,-14.253840158460394,-4.291371033983974,1.0,165.11942093470594,0.0
150,14.73472789003601,-15.725427135633119,1.0,49.0383073565627,0.0
151,-1.7710961332436677,-7.118006760016472,1.0,382.0662755179064,0.0
152,-4.173693416148638,-31.497137245127675,1.0,3.212859149782547,0.0
153,14.260892548796363,1.6966605015763994,1.0,178.2789632360361,0.0
154,2.256550513014507,-6.229666014617992,1.0,401.45855556639935,0.0
155,12.760557438055656,-3.1407133197488246,1.0,210.84611761163757,0.0
156,19.8568329254649,7.877379346925295,1.0,51.05346936283646,0.0
157,-6.594446186886027,3.70503016011162,1.0,375.605072922684,0.0
158,3.1552349526994123,8.617190557122322,1.0,328.17621169333574,0.0
159,11.936683441269187,-4.327426366879868,1.0,223.3082146629385,0.0
160,-2.2720996042805526,1.3889907500367606,1.0,482.5813168182583,0.0
161,17.86824890290482,4.62819583041502,1.0,91.02512077719696,0.0
162,1.4242843678882842,4.461664795739762,1.0,448.0625776305667,0.0
163,-15.647248470198152,-14.676358312484012,1.0,50.07133598845016,0.0
164,6.985089841216229,-7.2218370278030095,1.0,301.8336529861069,0.0
165,-21.528468218738176,1.9219127629133048,1.0,48.36443046776997,0.0
166,11.525057740719378,-4.50985418530039,1.0,232.47423342889883,0.0
167,-11.23800384557683,-2.4515815283302245,1.0,258.0344714598224,0.0
168,-12.114876388082674,-9.87865025517477,1.0,147.35111771669395,0.0
169,10.333883726661288,-6.564322945381767,1.0,236.32563313292627,0.0
170,-1.322197528696635,0.22224852497621794,1.0,495.5261339009494,0.0
171,4.4185781006922165,-4.757796319455715,1.0,404.96709106502647,0.0
172,26.371535813148338,5.939714364447772,1.0,12.947692138820983,0.0
173,18.351148835258662,-2.7116538595578503,1.0,89.48038571876963,0.0
174,0.027136596278164882,3.5134946128472433,1.0,470.06980007501477,0.0
175,3.694253537452794,15.437597264504337,1.0,141.85047444184434,0.0
176,0.997349715935888,-2.9005833856138774,1.0,477.02440173560905,0.0
177,1.0057547862013916,22.504079466765464,1.0,39.54275223783988,0.0
178,8.65503909878769,-6.45311234911947,1.0,279.1770852023859,0.0
179,9.262740659603011,-1.7667756703939559,1.0,320.54055160941664,0.0
180,-7.905062068932552,1.2624116742176053,1.0,362.9226226059911,0.0
181,2.54185395719206,-1.5621717633821055,1.0,478.2344472337741,0.0
182,-9.011810963065825,5.407617072355874,1.0,287.8192854888373,0.0
183,8.471559143909765,7.422362957286155,1.0,265.15489573417034,0.0
184,-9.985785312135535,13.364470458320636,1.0,124.33545606828804,0.0
185,4.939566576917093,6.913114735601107,1.0,348.506099376554,0.0
186,-8.558906314202359,2.582921707877494,1.0,335.2834485682674,0.0
187,-1.7554681197915007,-16.584069331229095,1.0,124.46729354082699,0.0
188,14.648204523202342,-2.8994557919021973,1.0,163.97670912501994,0.0
189,-3.9412363184614185,-1.4577137504559123,1.0,457.7470472411638,0.0
190,7.006410139368314,14.061686616168389,1.0,145.54772369857412,0.0
191,-7.995915556213903,4.127483165739681,1.0,333.53712686576716,0.0
192,6.063203791416321,7.116376942765581,1.0,322.9772196652562,0.0
193,7.495482011418715,-0.9027694508625732,1.0,376.01230995561383,0.0
194,-4.660068321240037,11.59201038898211,1.0,229.09880888430834,0.0
195,13.723106538948572,-6.287737624160488,1.0,160.02204882152603,0.0
196,7.505845442689539,9.367787303898979,1.0,243.26279612647684,0.0
197,-5.958422953463901,6.986230132439905,1.0,328.0142395300888,0.0
198,4.863239586728385,-1.3280715712673583,1.0,440.3340888078589,0.0
199,1.3141994376433916,-5.263979593275528,1.0,431.56800168745156,0.0
200,5.7237218244810855,-1.7700583837523203,1.0,417.8563057989824,0.0
201,24.85103941128003,-30.648483334154765,1.0,0.2080638335900859,0.0
202,-7.64120461062717,25.77020924317555,1.0,13.492711310651092,0.0
203,-9.259026833464773,18.3430572273575,1.0,60.55920409835714,0.0
204,9.964622401876234,-12.646856713207267,1.0,136.78695968986537,0.0
205,-7.1303585336597886,-1.8673028606161308,1.0,381.062702266183,0.0
206,7.700551043110355,12.434147450207181,1.0,171.58444781826464,0.0
207,5.8232372188559145,-5.117584924115246,1.0,370.22438308927366,0.0
208,16.562502506254692,7.984309927700487,1.0,92.22946227467865,0.0
209,-0.22305768613900634,17.30763000202492,1.0,111.7863033947953,0.0
210,-4.5227007815899265,-8.00662799227712,1.0,327.6033335470352,0.0
211,16.669752578398437,5.544527820077406,1.0,106.85747097744877,0.0
212,-13.180800936685175,-8.219722329652576,1.0,149.62338286151538,0.0
213,-8.768313197110437,0.7244241224966562,1.0,339.53178488844844,0.0
214,-6.847580921937543,-2.9883633765499518,1.0,378.2327313865889,0.0
215,10.165562060310709,-1.4858695982841454,1.0,294.9706311902349,0.0
216,-11.43542679683852,7.019289502719133,1.0,203.24477537348344,0.0
217,-12.521501280017013,-16.96996847470587,1.0,54.096472301620906,0.0
218,14.4718959465986,11.731462098453651,1.0,88.1723323953948,0.0
219,-3.757583137008127,-20.42550014473878,1.0,57.858805949885216,0.0
220,-18.20326940052789,5.324643720970074,1.0,82.76902194642419,0.0
221,-17.572192218464213,4.3324074133574575,1.0,97.20767134283855,0.0
222,-1.2567194876060572,-32.04746735445248,1.0,2.9197866831505173,0.0
223,24.548111072102813,7.77283106731205,1.0,18.164602784887293,0.0
224,12.82766806180904,-11.41969548890549,1.0,114.41309436245349,0.0
225,12.833844378402073,-6.1886457438507145,1.0,181.19496569134492,0.0
226,8.491065579882852,-0.317764233388816,1.0,348.49094757641683,0.0
227,-12.368342126374168,3.059178595733913,1.0,222.0573751814596,0.0
228,16.819187155750207,-3.4247814217371317,1.0,114.61024252412133,0.0
229,-2.1498697077594415,-12.109266732209683,1.0,234.70436377178444,0.0
230,2.7845864509140528,-5.432334395476193,1.0,415.00360418982854,0.0
231,-0.9213440498149519,-6.504578921870843,1.0,402.9514121837815,0.0
232,5.774568095695594,-12.211928404010779,1.0,200.78284245781327,0.0
233,-0.02985562755103731,2.7512197498998567,1.0,481.4284350771486,0.0
234,4.019781670594817,10.423604562377609,1.0,267.8848474985435,0.0
235,5.4109138242361325,4.331560864762903,1.0,393.2344735347879,0.0
236,-3.034558347358598,8.151843678445793,1.0,342.5105978377333,0.0
237,8.204082412221025,3.2025496189004894,1.0,339.2684347579462,0.0
238,-5.82470616473191,3.615810280762049,1.0,395.28288335084807,0.0
239,-5.032616613156229,-9.315755237855694,1.0,285.4467424285526,0.0
240,-2.4327455896714834,-1.898657010074991,1.0,476.75005063647757,0.0
241,-3.6399745952882063,7.449530977970965,1.0,354.5620848447645,0.0
242,-3.7500386010303055,0.6868915370362477,1.0,464.9524075329733,0.0
243,-9.357950252681901,-6.789110575970453,1.0,256.28543958259684,0.0
244,7.130138823758796,-15.409545938958598,1.0,118.29046528396113,0.0
245,-4.1567852356323804,-9.378063529982594,1.0,295.44225496624654,0.0
246,-2.76404522625091,3.0500654028434235,1.0,459.38740493851,0.0
247,21.32111945405191,-9.75383815632624,1.0,32.00751217294145,0.0
248,0.505108212440847,7.813853027098679,1.0,367.98822164060664,0.0
249,-11.20433940493789,5.172155535920827,1.0,233.49625220779424,0.0
250,12.027302913895504,-3.197618059861662,1.0,230.48924806857679,0.0
251,-6.930045444414628,6.1963528092369735,1.0,324.57171343021025,0.0
252,8.158931179195466,7.699725997715907,1.0,266.49044952603003,0.0
253,7.7223171685224195,-17.799926610681396,1.0,76.1153725782406,0.0
254,13.929293379169422,-0.9255418229998819,1.0,188.70763071094976,0.0
255,-16.32284298295804,10.049702088536726,1.0,79.63466777503898,0.0
256,-9.981760814198825,-2.2984876545472495,1.0,295.8980964122184,0.0
257,-8.447404175976109,0.7452920649021149,1.0,348.98802543897085,0.0
258,-0.23543142332381775,-4.713641109152537,1.0,447.3041982336877,0.0
259,9.100904938587377,4.336330407730332,1.0,300.803412840649,0.0
260,-16.85293811124466,-9.80221411662384,1.0,74.745086343441,0.0
261,-4.492319286616377,-5.3965286731806685,1.0,390.7589317302906,0.0
262,-6.847293144996485,14.212854455202187,1.0,144.04918770437942,0.0
263,7.97302519280443,-16.378986307245444,1.0,95.14542232847796,0.0
264,-0.5965529841417471,3.2303972787053064,1.0,473.7365607652452,0.0
265,-9.792107822536417,-5.923700854901464,1.0,259.7527095469459,0.0
266,-14.611721098262098,-0.13235600518127477,1.0,171.91643927460424,0.0
267,-20.898206393272915,-3.43743226826283,1.0,53.08281510262277,0.0
268,-11.308504785628967,-2.3572305718042803,1.0,256.5732031125815,0.0
269,15.469892324870742,7.733079355164232,1.0,112.05812099403713,0.0
270,4.55429510426815,16.032854047447767,1.0,124.66598420058456,0.0
271,6.618851510939906,-1.1687113163155074,1.0,398.90874884535623,0.0
272,13.671216511057846,15.12752067759899,1.0,62.545099261399216,0.0
273,4.321778580548543,1.0065706854090033,1.0,453.1183389271239,0.0
274,-4.812997372214265,9.583048393579816,1.0,281.3527717190352,0.0
275,-0.15591622298087976,14.645295907443003,1.0,171.0683335352229,0.0
276,1.1838789396698937,-13.093171980268357,1.0,210.70193178413152,0.0
277,-1.5209811148143442,5.492456162917784,1.0,425.04957413957806,0.0
278,-1.4223879830844286,-4.897547304310724,1.0,439.0276137423946,0.0
279,8.413288298737378,8.919381061433743,1.0,235.78354591608024,0.0
280,1.7835024905884824,1.0934128751224979,1.0,489.17775675882933,0.0
281,1.0510623013967293,15.52770464782444,1.0,148.93893362056357,0.0
282,-7.271190344153627,8.6418067867746,1.0,264.23871831633585,0.0
283,1.566602055597838,2.2410721342586903,1.0,481.653447499657,0.0
284,-6.004592848084757,-7.842727258255793,1.0,306.9824463160642,0.0
285,12.022373118383475,-7.502837887311201,1.0,183.17792341786594,0.0
286,-0.8275969816001738,5.0666956351830645,1.0,438.2662013077206,0.0
287,-2.6839677165811633,-10.06329073590054,1.0,290.68510932121666,0.0
288,6.606418311513471,-14.829639715643363,1.0,133.85983076589633,0.0
289,34.70766486813586,-10.260975282529987,1.0,0.7153810270150122,0.0
290,1.1878541287685138,5.311629499030231,1.0,431.1629408134526,0.0
291,-0.2093940015074382,-0.49469990637485195,1.0,499.2790856045826,0.0
292,-15.701757797113306,3.115838541271886,1.0,138.842453151781,0.0
293,6.879349749319546,11.34829998585653,1.0,207.27807944695093,0.0
294,-5.307290750376267,1.3215373148200422,1.0,430.5395194050141,0.0
295,11.505511615326627,11.282660624430644,1.0,136.4873528118964,0.0
296,2.7278377633698003,-8.37770982216634,1.0,339.1601771595757,0.0
297,4.1560994252857295,-3.875796005619267,1.0,425.4439929336598,0.0
298,2.3423603282298675,-15.86924618574149,1.0,138.10440628230083,0.0
299,13.391079010864058,11.237293365028492,1.0,108.48580144807755,0.0
300,-16.53365765759331,5.448610293567619,1.0,109.8770650176843,0.0
301,-16.179315358651497,4.532748136008218,1.0,121.87888950869622,0.0
302,4.598357970970168,4.4740874719900825,1.0,406.99313775237306,0.0
303,-5.202004705528757,-7.565223624099074,1.0,328.0417186254595,0.0
304,-11.013074319464096,-1.4630200898777368,1.0,269.7422651744538,0.0
305,0.8423042015107113,1.161734287204668,1.0,494.8786513923163,0.0
306,17.309199379655716,8.499891169614305,1.0,77.89216990468496,0.0
307,-15.93611812604741,-1.2560782713599412,1.0,139.34043767663186,0.0
308,-21.471650911741058,9.326059686266355,1.0,32.284014083016714,0.0
309,-2.0955079230354015,-25.954391931974246,1.0,16.8525170986658,0.0
310,9.301072464571424,-4.377973202481447,1.0,294.77875934708175,0.0
311,-2.0068756965221395,-15.06145365462836,1.0,157.62730494800695,0.0
312,3.9361495205574286,18.797922433296,1.0,79.06990179965713,0.0
313,2.8596494436192605,-25.63219396403147,1.0,17.969453466504874,0.0
314,1.5291897413302866,4.997745690370434,1.0,436.168519884791,0.0
315,4.8793193482729365,-11.274726166111497,1.0,235.09085614200316,0.0
316,0.9296386918788753,1.9702668955306302,1.0,488.2742324391032,0.0
317,-5.206893561132135,15.674078571316375,1.0,127.82545497757864,0.0
318,-12.11837539007523,-7.751023589518688,1.0,177.6723554710364,0.0
319,-0.7981063690607343,9.599173040625656,1.0,314.4114926826678,0.0
320,2.7793071399853186,21.79478397657959,1.0,44.74243206715798,0.0
321,3.818659230800452,-13.217844212751542,1.0,194.05473892177707,0.0
322,-10.370228396693278,-18.11488123908949,1.0,56.608282130181266,0.0
323,-1.9545363940763725,-0.4729759729645301,1.0,489.99172562785935,0.0
324,0.08079508982812578,2.163198287280067,1.0,488.42128630458814,0.0
325,-10.555777802310285,-14.231915179244448,1.0,104.03723095367204,0.0
326,-8.003816221231867,-0.8941545601759242,1.0,361.51558981386404,0.0
327,-8.660302955234233,-14.103056993044333,1.0,127.11888860312064,0.0
328,-13.795337287129382,-7.922166565135337,1.0,141.0688160860992,0.0
329,-2.7756639532389213,2.85925131874168,1.0,461.8360490885429,0.0
330,-0.6891349950688748,7.603138346468206,1.0,373.6034719865443,0.0
331,6.957144124971358,-7.6434443914866215,1.0,293.09231150119905,0.0
332,-4.3304072138606475,-10.451899170905648,1.0,263.65330035511545,0.0
333,-1.9157601358683587,3.652238392598563,1.0,459.2355170697089,0.0
334,24.4798377941474,4.199430333521427,1.0,22.876718422905537,0.0
335,6.060578385884123,-0.7242349311997585,1.0,415.0223878437646,0.0
336,-6.951254900710104,13.240000520031892,1.0,163.4521531290207,0.0
337,-8.764856860736622,10.168524652780555,1.0,203.05970546819702,0.0
338,3.7963254971858817,22.240640190567646,1.0,39.22511700712224,0.0
339,7.032129921267739,4.148236279085221,1.0,358.27989879725664,0.0
340,-2.8897090292363985,-8.791149048079319,1.0,325.8491353085846,0.0
341,-7.407615547172788,12.066482510581238,1.0,183.50542976517386,0.0
342,8.54963374002764,2.899706158256665,1.0,332.6481863206487,0.0
343,-9.352867800621095,-1.272338415617682,1.0,320.26000859228907,0.0
344,6.11800929224631,-26.655516906106268,1.0,11.880222019423641,0.0
345,0.2652196594036072,9.111352183180957,1.0,330.02641544293976,0.0
346,3.573367145150237,-0.6948343839170347,1.0,467.94434155630813,0.0
347,0.5170076509048546,-5.789312307382071,1.0,422.2894286815499,0.0
348,5.529861967548079,1.909609829323922,1.0,421.3560425402092,0.0
349,-2.0577397955175543,-6.936070626592393,1.0,384.8644731052596,0.0
350,10.44817312048174,-5.799495398139797,1.0,244.84264925568226,0.0
351,-8.554210079787278,-2.978811583667688,1.0,331.74578099926794,0.0
352,-14.119884814481296,0.8054348800194354,1.0,183.9214447646644,0.0
353,-16.156019681489767,11.961963657185402,1.0,66.29273847964792,0.0
354,-3.7137700856205402,12.088793274959862,1.0,224.74199221085402,0.0
355,2.9926106825111507,6.518959970875086,1.0,386.58250390564507,0.0
356,13.444471679010281,4.711406365527984,1.0,181.24546180026545,0.0
357,-0.7088229873473727,-3.2609691269856818,1.0,472.92005157408073,0.0
358,9.276905172408622,5.202224635874345,1.0,284.0037790885204,0.0
359,5.639097367315373,-4.279742977889646,1.0,389.1753460257589,0.0
360,3.969318157868469,15.274719037085411,1.0,143.9182538693137,0.0
361,-10.011213664464266,-4.362353153866807,1.0,275.43054128257353,0.0
362,3.223854597272458,-20.380063852920415,1.0,59.495869671409196,0.0
363,-15.32092166626511,-12.321384686506384,1.0,72.37582189846007,0.0
364,5.688593365548778,11.954834319398067,1.0,208.14132747918416,0.0
365,-14.779364822605611,-13.06875649250151,1.0,71.41429035322344,0.0
366,11.797841019906091,-24.000764315985425,1.0,13.991911267125403,0.0
367,-4.619761558360603,19.723755973058385,1.0,64.24888475448803,0.0
368,4.480393716380567,-8.627972349814652,1.0,311.69617796867954,0.0
369,6.440932392245431,10.11462737630457,1.0,243.6302271229385,0.0
370,2.1402478372716534,-14.47060959652571,1.0,171.52209359270904,0.0
371,-6.57343819589375,8.849766022280287,1.0,272.31673523376844,0.0
372,-4.304427394733883,12.662061085009901,1.0,204.45106744160384,0.0
373,2.4058132949548945,-2.321314289212867,1.0,472.8252690612591,0.0
374,-6.592881064581882,11.382806057508166,1.0,210.48961690720287,0.0
375,-20.56144571785986,6.541457457776671,1.0,48.75411089891474,0.0
376,2.8175225140866362,0.8938648843963823,1.0,478.62669954296854,0.0
377,15.27213562419721,17.419454344197717,1.0,34.165983601349375,0.0
378,1.4534530404925083,5.724886472209133,1.0,419.96603716680386,0.0
379,-5.522178057196731,1.4135465596439343,1.0,425.0238464157404,0.0
380,4.413196998500535,8.087203444272776,1.0,327.082444161943,0.0
381,-15.25100185883571,-6.451346661883236,1.0,126.91828334971534,0.0
382,-1.301312942824341,1.5386330681251412,1.0,489.9503517219599,0.0
383,6.170974717327096,10.235423761910969,1.0,244.7859011610582,0.0
384,16.454955424276484,4.556912858288806,1.0,116.3907464584255,0.0
385,-16.359809823336224,15.244964667044535,1.0,41.03176294074208,0.0
386,2.2124937169847447,-7.613448585168579,1.0,365.15044961770985,0.0
387,-21.913945608083836,-4.65580549676179,1.0,40.654942435557835,0.0
388,-5.8844959272882935,16.740059337569907,1.0,103.57787069760963,0.0
389,17.718471423864003,-4.895446762533856,1.0,92.30145963432136,0.0
390,2.0415990810649296,7.777374896892465,1.0,361.88615121308794,0.0
391,6.785870468321981,1.9385056407687153,1.0,389.7786008356065,0.0
392,-3.748696622999586,3.6941010613543335,1.0,435.3335649916691,0.0
393,19.423298809883516,-4.274802601591765,1.0,69.19410898458011,0.0
394,-2.976581624680193,11.433579069645708,1.0,248.8061939546035,0.0
395,-2.3721074791664805,-5.265874783602832,1.0,423.1921972083436,0.0
396,-0.5002240593340537,-0.29871608007375755,1.0,499.1520812649716,0.0
397,-8.900869687238803,5.615924808496144,1.0,287.37490002783034,0.0
398,-5.779966157161435,-13.23688362295676,1.0,176.17760654266712,0.0
399,4.88321363946871,13.52902224650844,1.0,177.71959628787076,0.0
400,-7.9247617862724855,-15.524030077706604,1.0,109.46679949343721,0.0
401,-9.829936194833262,-0.08820239773799121,1.0,308.41027928076505,0.0
402,9.079981263315569,-13.421103340080139,1.0,134.52468655850723,0.0
403,-7.807420791958817,10.318324964410401,1.0,216.4782003075569,0.0
404,8.8754795456067,7.595559109788398,1.0,252.71814634464332,0.0
405,-19.14032120305515,7.596795856869319,1.0,59.996851340504676,0.0
406,-6.299618306144296,-2.468090295152659,1.0,397.71067587000147,0.0
407,-9.034994301580388,15.828847184327763,1.0,94.982291821845,0.0
408,-10.77148579341725,-6.24082843284701,1.0,230.38316781444743,0.0
409,21.19605383250281,17.804622715111627,1.0,10.839768697697505,0.0
410,12.098046299841641,-0.6800778482863984,1.0,239.96232879264693,0.0
411,11.402835770242675,7.7581921141069765,1.0,193.1635145789972,0.0
412,-8.019229769023344,-12.177966081629009,1.0,172.6995843808657,0.0
413,-8.717828421351916,-0.7726688576050956,1.0,340.9106265436471,0.0
414,5.401694718777499,0.048807335799602065,1.0,432.12057516028045,0.0
415,11.229357767659693,8.363000425309025,1.0,187.61966186878206,0.0
416,11.522953474059793,7.382417497487151,1.0,196.0197411005623,0.0
417,-8.448459337559802,-13.454005406541953,1.0,141.55303678625427,0.0
418,-1.041984674244618,-15.01863383016343,1.0,160.99650030187027,0.0
419,-10.952074126116019,-34.20363435600748,1.0,0.7909072650525191,0.0
420,-0.9212256005782117,-17.02721192577942,1.0,116.83177569283896,0.0
421,-10.584403870683605,-14.95899665708806,1.0,93.27966833398295,0.0
422,-18.831685113883474,11.50232785198408,1.0,43.81291106887331,0.0
423,-1.6074608139130429,-2.1200100726929225,1.0,482.6135517663741,0.0
424,-4.9270084581314,-15.75380656517142,1.0,128.03695462067446,0.0
425,21.850787220160942,-19.039568285309294,1.0,7.499210776938324,0.0
426,-3.4187029465134073,12.292309635170788,1.0,221.55393714677976,0.0
427,6.401169511788685,6.380638928730895,1.0,332.3439667879438,0.0
428,10.997821555109265,-12.654264695700348,1.0,122.6329354188821,0.0
429,1.8226577585892578,-12.56428516698913,1.0,223.33913100645478,0.0
430,5.6183039416451415,-3.240339409561704,1.0,405.16014352968756,0.0
431,11.816614440848078,5.994053263158853,1.0,207.8471266801191,0.0
432,-6.055530719494858,-5.801505770852332,1.0,351.768571099044,0.0
433,27.297915187355194,7.11893712232179,1.0,9.349575131474628,0.0
434,0.1935645299269256,17.929866016889193,1.0,100.18518118696683,0.0
435,10.882012431450077,4.263258345620824,1.0,252.55783374503048,0.0
436,6.3971678913429795,-17.36699153733234,1.0,90.19079203452141,0.0
437,1.1118672141894037,-5.03385885226066,1.0,437.78511290836605,0.0
438,-15.488911172574777,3.895307894912881,1.0,139.65975370476414,0.0
439,-0.4105661443177435,0.736566954127782,1.0,498.22541802037284,0.0
440,-3.4128569472068553,8.487768005068416,1.0,329.033347947893,0.0
441,7.817860939981767,5.416327101439844,1.0,318.0887251242214,0.0
442,-14.718803969464794,-9.786070560843406,1.0,104.85267418172045,0.0
443,15.458389565127497,-4.113236733702897,1.0,139.10172173748154,0.0
444,2.6721264801127593,0.16013887020221035,1.0,482.4023787645825,0.0
445,-1.863581048071239,-2.9265486258737727,1.0,470.793699384328,0.0
446,-0.40352355894910896,14.356468536992228,1.0,178.26175393341245,0.0
447,-10.118099011914289,-22.256201719389605,1.0,25.179643878270337,0.0
448,3.4421157061558634,8.28860783654656,1.0,334.2409688297378,0.0
449,11.025672305525758,-7.389561880769887,1.0,207.21413465993822,0.0
450,-4.863055212935292,3.3008097715201075,1.0,420.6852135242847,0.0
451,-2.869127754906739,4.103698053220067,1.0,441.0891192476397,0.0
452,-25.249617012590434,13.77249804051102,1.0,7.992341659580984,0.0
453,17.797122715871932,10.998034570741817,1.0,56.04396048888307,0.0
454,-21.270802201187287,-25.213019467914005,1.0,2.1681867378547985,0.0
455,4.886827077286792,-9.902040016717988,1.0,271.7685327701678,0.0
456,-1.5230296753037822,-14.562605396121794,1.0,171.1709255425809,0.0
457,6.227240532147764,-2.9132309064087787,1.0,394.7611520384695,0.0
458,5.799753043399251,11.901066966756602,1.0,208.14718442040774,0.0
459,-1.7031574588243439,-0.8619404883447059,1.0,490.9732593719637,0.0
460,-13.544371690693575,-11.579079196628426,1.0,102.20521468008822,0.0
461,14.191661968126898,8.610791637221283,1.0,126.07325012560092,0.0
462,13.389309396990116,3.563160446058693,1.0,191.4754316163679,0.0
463,-4.3746052040550305,4.320710867179641,1.0,413.8814304710395,0.0
464,-21.881878865193162,21.112303041987378,1.0,4.912968228700561,0.0
465,-1.7807596965974057,-17.11619483880471,1.0,113.74191110496955,0.0
466,-9.65295983203077,-3.5074093654314438,1.0,295.0663742663166,0.0
467,0.21300787165581922,-0.6620756238577374,1.0,498.79216999424835,0.0
468,-4.632573384592942,28.065672923753343,1.0,8.748606532759947,0.0
469,2.763649734371568,9.043345369434645,1.0,319.74020983251665,0.0
470,9.348035587542315,5.276352746322922,1.0,281.03515272477966,0.0
471,-8.128150740107642,10.168033128823106,1.0,214.28982851951426,0.0
472,7.070052523798925,-4.57617095513426,1.0,350.7147383988439,0.0
473,-6.040248094179466,-21.03021250660111,1.0,45.64234585898632,0.0
474,-30.29259155158178,-10.466066097578373,1.0,2.940883028465988,0.0
475,-6.863491618038131,3.582028171371165,1.0,370.5231342343343,0.0
476,-15.03226131705604,-5.4165322938404845,1.0,139.50069543551388,0.0
477,-3.275818930018502,-12.954981545799665,1.0,204.75116566915207,0.0
478,-2.6909235784415935,-7.798817879224378,1.0,355.77373335817276,0.0
479,3.0102687387295974,-1.8705081527889944,1.0,469.56442293172853,0.0
480,-2.9266329069557444,12.20597092988836,1.0,227.43251700882263,0.0
481,-4.901836580787843,10.399319618080012,1.0,258.20112784355473,0.0
482,-19.036099771303757,-23.100596873212474,1.0,5.666404255220895,0.0
483,-21.69870446146959,-4.1967791837925885,1.0,43.48319076863158,0.0
484,8.598662543634026,-9.551661117451168,1.0,218.92998165220672,0.0
485,-9.740597005818447,-2.5823068537716694,1.0,300.9278108248816,0.0
486,-9.06731049457713,4.010819132520293,1.0,305.84980552207327,0.0
487,13.9660534438149,20.260283601667687,1.0,24.2146881246618,0.0
488,7.688512418049573,11.802904936909968,1.0,185.39694176494768,0.0
489,-9.163255198379865,1.4416355403105237,1.0,325.1837164859543,0.0
490,-7.108212986479511,18.914859638278084,1.0,64.91735915947962,0.0
491,-8.677685147515373,15.945272673764153,1.0,96.23935769207897,0.0
492,1.7198835625503217,-16.152296626583965,1.0,133.66473264085664,0.0
493,-7.551221255212235,-18.198284382708188,1.0,71.7806982869372,0.0
494,-4.074851211530974,-1.1037696585770465,1.0,457.3708268409298,0.0
495,4.008951546124479,-11.641777287947157,1.0,234.2982189288722,0.0
496,5.443586822787259,6.406116974913355,1.0,351.16396019295655,0.0
497,-13.408826943321523,1.825936274098459,1.0,200.127503727553,0.0
498,3.8697740506751837,7.129275219072904,1.0,359.8184204839416,0.0
499,-1.098519043950623,8.579538563925666,1.0,343.9622689672941,0.0
500,-11.291996833465996,-7.678944924562742,1.0,196.80849714085764,0.0
501,7.605762258199409,-14.352977521991688,1.0,133.6641328262842,0.0
502,21.339334702483875,22.44458720676928,1.0,4.132880395843772,0.0
503,11.451984388345606,11.780089363064032,1.0,129.6729925196259,0.0
504,7.693228431621306,-10.33566662157417,1.0,218.01181473552336,0.0
505,-5.2837242151943595,-4.199719103520316,1.0,398.15094324443237,0.0
506,12.337408804233213,9.662689068953169,1.0,146.45409259046212,0.0
507,2.240722089959063,5.956983194765685,1.0,408.33000248033676,0.0
508,1.0595545381458147,4.283156364512455,1.0,453.62355365442716,0.0
509,-10.971639281994701,5.560483495041236,1.0,234.6579383479038,0.0
510,-7.757964601810764,-2.776820374389902,1.0,356.0689413744106,0.0
511,15.634397205195691,-7.555641653681372,1.0,110.71923854900902,0.0
512,-3.267023696807949,-8.091906929435634,1.0,341.6702499375244,0.0
513,15.63211328713765,-5.364003363391206,1.0,127.60385842580993,0.0
514,22.571045041102636,3.991833929027664,1.0,36.149894731183934,0.0
515,-2.087277095802044,15.736277827928433,1.0,141.83611489875935,0.0
516,18.79405101968516,10.75957655370328,1.0,47.92723348945171,0.0
517,-19.26563672539868,-9.337685727990412,1.0,50.54289756720661,0.0
518,0.22432995627237007,-0.5039635602509099,1.0,499.2398204609617,0.0
519,6.682449307892108,0.7602412713719036,1.0,398.79305400866224,0.0
520,-26.577632861264068,12.350209508045749,1.0,6.821755759184447,0.0
521,-12.919452939226016,17.895226199663146,1.0,43.76573360855197,0.0
522,-9.126579207938196,-9.581917580165943,1.0,208.31891187304348,0.0
523,-3.7783488069034115,-2.3625767422928043,1.0,452.74074534555,0.0
524,20.68512740801271,-5.571109913109265,1.0,50.402929111178985,0.0
525,8.148115539090139,0.05742910259980409,1.0,358.7524777683194,0.0
526,8.694460216028533,-14.906632819179437,1.0,112.79831445217978,0.0
527,-9.381986746044648,-7.143249138767631,1.0,249.4777369664466,0.0
528,3.445492841495581,11.298090164493304,1.0,248.89143241696706,0.0
529,-8.03854956264992,18.61104035572633,1.0,64.04990771113764,0.0
530,-1.8155147156513496,-7.1598342237734585,1.0,380.6238052141802,0.0
531,16.555021634387245,-16.02439185437535,1.0,35.17581316161314,0.0
532,1.9161793296434033,-9.33873266182998,1.0,317.4085494642566,0.0
533,12.312030059972827,-6.023652414933376,1.0,195.4404511551297,0.0
534,13.896947946041623,-17.247989192701215,1.0,43.01361232907166,0.0
535,-12.05578474333194,7.9287561920247684,1.0,176.5444164115649,0.0
536,-1.4710511369046295,2.641000374925828,1.0,477.6669471160243,0.0
537,-9.975900693426885,8.484712868833729,1.0,212.10116682750075,0.0
538,8.735643912756519,-4.546659185669225,1.0,307.8738671378261,0.0
539,-5.239578554977139,-4.032431342682691,1.0,401.8342413301977,0.0
540,-17.932933242422855,-9.504729592119219,1.0,63.749299895042576,0.0
541,-7.276557307103033,-1.8821403858999939,1.0,376.9657765868668,0.0
542,-11.79052989413838,19.71049772275061,1.0,35.76631469356798,0.0
543,1.2895913986398524,-4.499041386222213,1.0,448.1311797833237,0.0
544,-11.423270531479627,-7.140171427765763,1.0,201.79297793348564,0.0
545,3.441515427390938,-9.279720586820218,1.0,306.37868986233576,0.0
546,13.36437745140529,1.9064481316507713,1.0,201.01960743125449,0.0
547,13.568771952196885,19.63365494299034,1.0,28.981224951774063,0.0
548,6.019738137001572,-0.6849259877594739,1.0,416.16268111442315,0.0
549,3.0125952015956488,-9.056457877558636,1.0,317.07308607301445,0.0
550,-15.393144215696546,-2.0572707208206302,1.0,149.71026208862722,0.0
551,10.945721469167628,1.6445890487280324,1.0,270.97881389737665,0.0
552,-5.1225067041964,2.680408685733884,1.0,423.0476287124903,0.0
553,23.304513552110645,-2.7166664027852496,1.0,31.887208987444552,0.0
554,11.800055160221621,-1.6659277138551114,1.0,245.8016755333501,0.0
555,13.974359606786571,2.5958004135490915,1.0,182.09045468741724,0.0
556,-1.5225930124818696,-0.5140998502855922,1.0,493.5850368130944,0.0
557,-1.7199180482437784,-0.701230084756171,1.0,491.44935363916557,0.0
558,-17.138719813889363,-6.525457571303831,1.0,93.0392578547303,0.0
559,-5.455226826803823,-11.095242487216701,1.0,232.82534274295375,0.0
560,-20.563913676278762,-4.491840418433518,1.0,54.56279380194512,0.0
561,10.391176011852876,-14.852571825494385,1.0,96.71136797160351,0.0
562,-4.281635242044836,5.215616524822285,1.0,398.19140948215716,0.0
563,5.243181487863876,-10.305654990313826,1.0,256.2415909096698,0.0
564,-12.243942655707285,-3.785542955657552,1.0,219.94681393747825,0.0
565,-2.6639435187085567,4.502037395005223,1.0,436.06155716336673,0.0
566,10.539975195424764,-10.053559691905969,1.0,173.0849302663215,0.0
567,14.363051641733392,16.790837743369003,1.0,43.53044922851218,0.0
568,-16.13226520548728,8.044185569739916,1.0,98.47607130179068,0.0
569,-1.559878776392437,-3.49579316638419,1.0,464.67541989533623,0.0
570,-7.385743265122188,-16.08255114989055,1.0,104.44073936006619,0.0
571,9.927597738238195,12.060621794941914,1.0,147.6034260706409,0.0
572,4.518051806276516,11.118866363523448,1.0,243.3250470685921,0.0
573,24.778441213037116,0.5904216020836107,1.0,23.1734995574649,0.0
574,0.23894054499031836,2.150449418384735,1.0,488.43210346998825,0.0
575,14.371157825623413,-4.966601600661517,1.0,157.37343609596297,0.0
576,-10.81232511943112,-10.212554326099411,1.0,165.43773437146973,0.0
577,1.6254032019021936,-4.914213876516539,1.0,437.31376293914406,0.0
578,-16.936098407794653,9.311974916772902,1.0,77.23761410995829,0.0
579,6.643952654025394,1.9748806647253225,1.0,393.23083107896406,0.0
580,8.40554757650812,-0.5779728112447565,1.0,350.60901501574745,0.0
581,13.11141245883831,4.949826576176385,1.0,187.27132468707626,0.0
582,-10.67471500237232,5.1773933613181535,1.0,247.35718531267523,0.0
583,-1.0251879961518586,3.192573812090756,1.0,472.66666200273266,0.0
584,-11.333293754670237,3.6448885096262043,1.0,246.1557093509649,0.0
585,-0.6990759043193112,2.766253212654661,1.0,480.0564871975622,0.0
586,-12.390138967123395,-13.818829497878788,1.0,89.3204206865667,0.0
587,-8.960401568444174,8.597345097601194,1.0,231.27151350701527,0.0
588,-10.481674201171355,0.18070342032702158,1.0,288.6218516435565,0.0
589,1.2712172196720086,-7.69488555994406,1.0,368.8801569668141,0.0
590,7.955559619544841,-10.91864261562967,1.0,200.75187068864489,0.0
591,1.4006094507723346,-0.21604487404680392,1.0,495.00417026759334,0.0
592,-22.418451971833434,-3.6634756464119436,1.0,37.885478487259576,0.0
593,7.802705897266522,-4.117288251541193,1.0,338.8090549971036,0.0
594,10.469235976715371,-12.967555022355818,1.0,124.68570019482777,0.0
595,-7.256026869814916,9.395281478047504,1.0,247.15159628104828,0.0
596,-1.9034501048582047,-7.510360260091716,1.0,370.3560835200391,0.0
597,11.283643011976869,3.7487651271834945,1.0,246.59292507088284,0.0
598,3.000666471057794,-3.060247876777587,1.0,456.1230030783201,0.0
599,-1.777116102656319,8.176728871281654,1.0,352.31403227963864,0.0
600,-6.299540602972968,-7.057289101711042,1.0,319.628822240092,0.0
601,4.1315534082120005,9.969860794103901,1.0,279.2950665937981,0.0
602,2.3786313724968293,12.836517557306262,1.0,213.24414871866898,0.0
603,-12.789823728105226,11.032037606868348,1.0,120.082724324311,0.0
604,1.534379351847416,12.948252643839798,1.0,213.69510706898444,0.0
605,20.08922488149768,-23.28750354202927,1.0,4.415778771229542,0.0
606,1.3553416623749903,-3.3273033397753804,1.0,468.74954458818496,0.0
607,-2.378625725551143,-3.5569792213805917,1.0,456.25793238927804,0.0
608,1.5028985418154626,-2.837833053287984,1.0,474.8733306215553,0.0
609,3.308696840319571,1.3444507473823335,1.0,469.1079842068907,0.0
610,-11.922592946507963,11.373325784159078,1.0,128.65112567836877,0.0
611,6.861464175137792,-12.355719711321019,1.0,184.17577441996525,0.0
612,5.660051979272001,-25.097250341807282,1.0,18.266472630017777,0.0
613,15.396579529498858,-12.813596929243296,1.0,67.24841578174556,0.0
614,-13.169253649502654,4.164489767318459,1.0,192.62533155543412,0.0
615,-1.8809128993330115,-11.698940245993008,1.0,247.79280105767532,0.0
616,-8.904165094924698,0.5395389084426687,1.0,335.8725615998611,0.0
617,-16.546986424655753,18.060309260765642,1.0,24.896331088255373,0.0
618,1.0972327564093303,13.066729013048349,1.0,211.64100450410433,0.0
619,7.821898380993164,21.109903940651176,1.0,39.66849933471565,0.0
620,9.397568799222666,-8.321720456394857,1.0,227.41611496572176,0.0
621,3.7288883918933773,19.05141027428746,1.0,75.96736863583277,0.0
622,-20.51821473457555,-5.6890175935157306,1.0,51.82112128918718,0.0
623,1.7739137844658959,4.146002092131395,1.0,451.65905003339765,0.0
624,3.8168774247186725,-16.614256911983105,1.0,116.9325962497511,0.0
625,10.05205681757976,8.816445668744153,1.0,204.53524257263618,0.0
626,2.4077686552657607,-7.248652781169613,1.0,373.4957080066038,0.0
627,-12.648634490926876,7.136562618205296,1.0,174.16718930820963,0.0
628,6.703393032062717,8.920907882386452,1.0,268.2763807257344,0.0
629,-1.9368999411754217,-1.0821133247208976,1.0,487.84383542970863,0.0
630,6.400915846638185,2.8174416272551883,1.0,391.52900261029953,0.0
631,-10.075593049821308,8.606384333693267,1.0,207.81971839857312,0.0
632,-7.961171497457496,-11.940180862341112,1.0,178.5497448870497,0.0
633,-2.22243243939696,13.029414162585496,1.0,208.7388400749014,0.0
634,-3.012926415023001,1.7999363782613755,1.0,470.1353423424057,0.0
635,15.543968111720437,9.563751306757275,1.0,94.55736428888079,0.0
636,0.39417952525558486,-3.0432833762768614,1.0,477.00326817745054,0.0
637,-19.751157117107795,10.774560938325745,1.0,39.78982570392712,0.0
638,18.484262049018064,-0.0714716524903283,1.0,90.58085162128721,0.0
639,7.590924159697713,1.1412475946165845,1.0,372.4062096976798,0.0
640,4.873409187185674,-4.168773541063845,1.0,407.0614466878515,0.0
641,6.25761329748137,6.094776161124463,1.0,341.41132950830877,0.0
642,2.684537497855021,0.2053034983434293,1.0,482.20225532990355,0.0
643,0.8014781464930525,8.36815200711153,1.0,351.16859025017686,0.0
644,-5.820582663481949,-22.482391728875516,1.0,33.71431405070671,0.0
645,5.875252853990065,8.338632669538896,1.0,297.18390143879265,0.0
646,3.2574792939120116,4.160136953556863,1.0,434.85756657469335,0.0
647,-22.987471391821988,16.873585328529593,1.0,8.575415822337625,0.0
648,-10.183161848395475,-10.906046922143506,1.0,164.2541420371797,0.0
649,-4.694047478778842,18.296777634597007,1.0,83.97988708489694,0.0
650,-1.4776347481959329,-18.18029596300921,1.0,94.73421839963268,0.0
651,3.809586785094737,12.856493420781085,1.0,203.4858004243088,0.0
652,5.657611998397238,10.930151691885042,1.0,234.4457342741524,0.0
653,3.1977709573028528,3.0942905061146915,1.0,452.870509788801,0.0
654,4.245675654013426,-9.009726776477281,1.0,304.4793919982217,0.0
655,-12.32935033063419,6.81327630556352,1.0,185.38598008767948,0.0
656,-19.470477937943567,12.680208771763597,1.0,33.62171272389972,0.0
657,3.107650100903061,9.614781604124218,1.0,300.0954306379511,0.0
658,2.062674198278162,-1.5078203756399842,1.0,483.9431120660545,0.0
659,5.841363754625329,7.446091178155431,1.0,319.50696609237116,0.0
660,-2.4554462691465164,4.776338463320152,1.0,432.85161162307054,0.0
661,-5.655650852233547,-12.835642436774963,1.0,186.9624102208543,0.0
662,11.27335073105211,-8.351065543928083,1.0,186.87957702765826,0.0
663,-5.92179727195484,6.8705089359833735,1.0,331.37485219525314,0.0
664,11.734625782465553,-5.177144252714907,1.0,219.6612911042904,0.0
665,-9.318528498022943,-3.410768858961581,1.0,305.59677692750347,0.0
666,-3.869154045521486,-9.259320475928622,1.0,302.19764437949783,0.0
667,-16.302494300259355,-4.44497171419095,1.0,119.93652310159193,0.0
668,22.337692840362152,5.730633557378745,1.0,35.00688254938414,0.0
669,-8.267502670100452,9.9713281593413,1.0,216.09392910205446,0.0
670,4.424041578151675,16.750490724205164,1.0,111.48083374798614,0.0
671,-6.597113709965421,3.912429697190662,1.0,372.58418833401936,0.0
672,4.376403303137978,-13.874984661095443,1.0,173.51561100884263,0.0
673,-5.51030314985209,-6.40650272332773,1.0,349.87449647782495,0.0
674,-4.030347843479944,-10.245072521287002,1.0,272.757200744048,0.0
675,4.856797181266706,32.91818960759962,1.0,1.9711747186467672,0.0
676,15.977181974396675,-3.533312646133362,1.0,131.0835476102366,0.0
677,-5.551476889202927,-0.5755987885002671,1.0,427.8861049929795,0.0
678,-0.9615931680068914,9.656031599707696,1.0,312.2456007532146,0.0
679,9.076937416497264,-4.034330652759489,1.0,305.2939292575843,0.0
680,-3.4127876126764227,19.32546872017413,1.0,72.89381518502,0.0
681,-7.612504789807517,0.38771243638527997,1.0,373.9437361071309,0.0
682,-22.00043148612325,3.6246010717382116,1.0,41.630143402735925,0.0
683,-7.7338542744787055,17.51963493152456,1.0,79.9065277199995,0.0
684,5.636212612796648,3.0387331577594594,1.0,407.32204557234866,0.0
685,-10.78119958767289,-2.013823165853424,1.0,274.0085627903292,0.0
686,-0.6663611943946924,-1.3575178484758488,1.0,494.3153326119814,0.0
687,-0.27451628169628894,7.932808473350844,1.0,364.8856625071312,0.0
688,-3.7473942057948104,8.101170602467882,1.0,335.71025650223106,0.0
689,7.937822230731029,-6.570096733645876,1.0,294.0447992528816,0.0
690,1.2461857151378453,4.158317169336772,1.0,455.0399402351858,0.0
691,1.2349751698569236,-11.83247220691766,1.0,246.39730335762204,0.0
692,13.53542705811542,-5.059626349812025,1.0,176.01515093584445,0.0
693,8.061376609406876,-5.455359570620796,1.0,311.3365227866244,0.0
694,2.1620201407210846,3.8045083089240306,1.0,454.34872758236554,0.0
695,-6.268869002893974,-3.3070561464008073,1.0,388.94245565472755,0.0
696,4.262964768122146,13.578662034035746,1.0,181.60671496772989,0.0
697,-9.604989416934346,21.650101464330945,1.0,30.2560003306939,0.0
698,-5.819041640897393,-5.966352863277248,1.0,353.2991109283531,0.0
699,1.8315058571339626,-8.88379084219287,1.0,331.3672680014413,0.0
700,-12.39764678708374,-15.847097039683572,1.0,66.05233921813463,0.0
701,-10.250112482461244,3.8317415645428503,1.0,274.75309330009543,0.0
702,15.537339232030325,-9.476582334568809,1.0,95.44359861942101,0.0
703,5.768055197648127,-8.686714647932972,1.0,290.3133154092349,0.0
704,11.125765466628897,3.3355002227603143,1.0,254.6950643857575,0.0
705,10.175513612310052,18.967002586450313,1.0,49.31196633672525,0.0
706,22.70171259295346,3.2995013239931477,1.0,35.993406907370044,0.0
707,7.803156191878088,-6.34856237718664,1.0,301.4609969239699,0.0
708,-7.808162692785315,-3.3614719842947602,1.0,348.3729515363103,0.0
709,8.738112781387258,9.855754566315301,1.0,210.01008075566762,0.0
710,-4.227405150899034,4.597304809259958,1.0,411.404645599408,0.0
711,-6.831850693712347,-1.5550028645818075,1.0,391.17186246984227,0.0
712,8.628293268854023,2.682016179862269,1.0,332.42185862101456,0.0
713,-10.663869974002935,9.345525251301067,1.0,182.97019545231433,0.0
714,-6.81007128999063,-13.13116047759586,1.0,167.43343446622012,0.0
715,11.763379471902946,-5.967835437652969,1.0,209.48398999443233,0.0
716,-1.8690378062404926,-8.838770417312595,1.0,332.46090504355743,0.0
717,-10.673676291257209,0.7584708044326426,1.0,282.05296734451895,0.0
718,-8.460465487217341,-14.92046757549073,1.0,114.84793554716721,0.0
719,-17.11013435176185,-3.6491066963038343,1.0,108.22849778163867,0.0
720,-6.272609949923168,5.083299147925615,1.0,360.92864133671054,0.0
721,10.849923441483725,25.065811517429832,1.0,11.995473494741214,0.0
722,-3.535446407828482,5.22637791595865,1.0,409.7454287246146,0.0
723,1.0340127616536718,10.082969605603413,1.0,299.1457180849647,0.0
724,-10.032298768964038,-5.08686653560124,1.0,265.6001413300544,0.0
725,0.5400379583118644,-5.649839720546378,1.0,425.6197955731712,0.0
726,14.138964648758797,10.55902795505232,1.0,105.3819253279882,0.0
727,-11.528101369207867,-5.317837080556953,1.0,223.3467589143135,0.0
728,10.391362277525932,17.534501392834322,1.0,62.6405199986694,0.0
729,2.9531267746927243,2.303513404556576,1.0,466.1336705469577,0.0
730,11.579571875550812,4.732569524418115,1.0,228.64934896478388,0.0
731,4.655300702742567,1.2316270330278702,1.0,445.2627019816346,0.0
732,4.712720951650086,2.0672204428105805,1.0,437.9883898291387,0.0
733,-7.862883680820785,-3.456229765146182,1.0,345.76376390355125,0.0
734,3.9537581424137573,-14.27726731095383,1.0,166.87504049756507,0.0
735,-0.42928686799779014,-5.914245595442107,1.0,419.3874345713277,0.0
736,-12.379463950475039,-8.83427034478302,1.0,157.29622283644696,0.0
737,-7.139317545388715,1.7397659804070507,1.0,381.69615831136633,0.0
738,-17.26559275621087,15.742489233173934,1.0,32.62160490530526,0.0
739,-16.777861324271854,-8.253745243868915,1.0,87.05180424938581,0.0
740,-19.566966107701735,2.8634044515036643,1.0,70.75915021758183,0.0
741,5.4783056281049545,-11.946133355276114,1.0,210.81867945091219,0.0
742,-0.7061929407210532,-0.26228875465023205,1.0,498.5832513255854,0.0
743,2.091029746219085,-9.438184678977155,1.0,313.35897590808867,0.0
744,2.8672246576816334,12.053825479932092,1.0,232.06782283068674,0.0
745,6.279189014674921,13.836085823154837,1.0,157.6347535375423,0.0
746,-0.9775869954279165,-13.304950993108386,1.0,205.3510825477619,0.0
747,5.605394508238422,5.189284851330774,1.0,373.4792599502117,0.0
748,-13.288823429896436,3.8158041675516428,1.0,192.25875565965777,0.0
749,8.196292504007639,11.023988687483302,1.0,194.6241789378227,0.0
0,201.5252524754955,27.479400489655916,0.0,0.4971801421974663,0.0
1,174.57609807751186,-180.82307908536416,0.0,0.5932566924260239,0.0
2,-130.93471547965947,82.60600303301823,0.0,0.5175573112428253,0.0
3,123.56458122911351,-136.22853527355238,0.0,0.7124670301268785,0.0
4,140.11626907253537,112.72725547751759,0.0,0.5421477127235177,0.0
5,193.2683752866232,-82.27953432436286,0.0,0.5438652366202653,0.0
6,-212.0874865786347,-15.325144493880998,0.0,0.4609765913356768,0.0
7,-193.94863696405568,123.5841557399662,0.0,0.8406627168629127,0.0
8,248.0115887399088,68.94640142087763,0.0,0.8125964015974562,0.0
9,122.53490140550554,28.283198927268586,0.0,0.5193844978449876,0.0
10,147.0968959071319,-170.94912747776453,0.0,0.477153068636185,0.0
11,68.75969556648664,58.26058093480151,0.0,0.054752547308288047,0.0
12,196.85883632264313,-40.371221051704936,0.0,0.8670476147273137,0.0
13,-52.602037209106385,-171.70939444228816,0.0,0.5612655954006158,0.0
14,65.08409841980387,-182.54859657307992,0.0,0.9010370272421164,0.0
15,-176.33009150487044,-148.5245410280408,0.0,0.40105903802543885,0.0
16,204.1260652508778,109.68926764559347,0.0,0.5963408793166896,0.0
17,34.8105250222099,139.92970616072148,0.0,0.028154877771248366,0.0
18,-14.332947666490895,-129.76117382711584,0.0,0.9770267789738885,0.0
19,-242.55827239306032,-151.0722609544806,0.0,0.6325682656458714,0.0
20,53.68006231405246,-183.7682851219705,0.0,0.6946457738092324,0.0
21,2.784230260780845,-199.76106748158594,0.0,0.2563199202535442,0.0
22,52.43685534597671,-1.461569864506174,0.0,0.20997468887344506,0.0
23,241.04462567098352,132.04855057503875,0.0,0.3936385981351824,0.0
24,-202.39282831115528,78.1073362347762,0.0,0.310821793108203,0.0
25,11.631040895091928,4.3918348800343665,0.0,0.6708232307716274,0.0
26,-109.13466043899746,-14.930683124995397,0.0,0.7871888871892919,0.0
27,193.23877167106804,-22.448589468296916,0.0,0.9244621784081481,0.0
28,-10.86339649272216,-37.03667710454894,0.0,0.10720380986696554,0.0
29,63.31326363246103,225.93214823897011,0.0,0.8753255796134745,0.0
30,35.62641616571631,-166.03191417941554,0.0,0.436107879834259,0.0
31,204.95834183720507,-109.28201838039442,0.0,0.23362837193723285,0.0
32,87.9895428162128,-236.0380599092115,0.0,0.233550776456663,0.0
33,-128.2252911432295,211.49542138250047,0.0,0.48701745110515704,0.0
34,-165.83075649628532,63.85715373321017,0.0,0.42788578577870284,0.0
35,-190.68279442630305,-44.33414912179495,0.0,0.4778318084447015,0.0
36,246.70818319373438,-240.78137501485742,0.0,0.8113954367393331,0.0
37,26.324092648629858,79.86153987247229,0.0,0.2903414628142018,0.0
38,112.29418640188965,-25.383437914991134,0.0,0.22014131875864262,0.0
39,248.54425122059143,154.11921356221438,0.0,0.9650312613240505,0.0
40,-232.00666555684126,171.1440441282138,0.0,0.0366114611436168,0.0
41,233.11117616524336,-38.733341075533275,0.0,0.5787687985361881,0.0
42,-40.22031426245181,-177.10507666189312,0.0,0.26581009840279834,0.0
43,-76.99924105238486,151.83964500375924,0.0,0.24859566977663494,0.0
44,-190.24199522163622,-131.41760865592195,0.0,0.2047906826851198,0.0
45,-236.23829212224518,128.946952911418,0.0,0.664647471828153,0.0
46,-27.973480616931454,-52.553371864656754,0.0,0.4714015660517531,0.0
47,13.655990213673931,235.96069352339134,0.0,0.3287206512508736,0.0
48,-128.155441152555,-178.18526069646668,0.0,0.12869414262370826,0.0
49,137.82521220991845,-199.71740943733235,0.0,0.4719870852819261,0.0
50,99.833352572183,210.28035515199815,0.0,0.8638158552828671,0.0
51,11.678902077238547,-199.79412470777243,0.0,0.06986566102899772,0.0
52,197.34508622171046,-227.21480791585714,0.0,0.23264932782291003,0.0
53,130.01674347407493,-205.81505650566112,0.0,0.3625889141255101,0.0
54,2.012157335343204,244.967628562492,0.0,0.4320184047903922,0.0
55,-185.2587630597225,10.784844389630734,0.0,0.17485470508693624,0.0
56,-161.8253360946859,-75.77086293294528,0.0,0.03435356255816846,0.0
57,65.43603182773813,-46.516953928578914,0.0,0.5121776473913942,0.0
58,85.71852474929113,-161.74512222700122,0.0,0.7843604378975673,0.0
59,168.82358996885807,69.09567167909262,0.0,0.5632175078330928,0.0
60,107.94248237613607,96.46085784824902,0.0,0.7087658431330915,0.0
61,248.28629742695983,209.3221583281241,0.0,0.06043741258100466,0.0
62,-198.9000956278239,81.22001225628503,0.0,0.7240144010630821,0.0
63,-118.16236907837819,-42.81286279860481,0.0,0.8519069698252294,0.0
64,109.35070414922893,143.19120763218825,0.0,0.6997308344996997,0.0
65,31.467717733574204,187.39318388171188,0.0,0.38697123828662106,0.0
66,93.33530958433897,138.0559011162223,0.0,0.024035779684366876,0.0
67,-210.72276450679877,-247.86663397965197,0.0,0.032398158319576154,0.0
68,76.47815275854032,-154.0419133753766,0.0,0.4737823211573928,0.0
69,-184.79682364917795,63.70688727349193,0.0,0.9655925564338184,0.0
70,-47.370687589699315,227.80280822994337,0.0,0.0791631279405337,0.0
71,-122.33262665379546,139.65641591827455,0.0,0.030055988896582564,0.0
72,-201.85397121624464,196.2831294576763,0.0,0.778932906716834,0.0
73,-177.49505154902846,-217.15544054930663,0.0,0.7834830180362679,0.0
74,130.47094701646296,-235.08445901883456,0.0,0.3480461994088593,0.0
75,-207.54182137390276,-29.64798436063927,0.0,0.22748211479733793,0.0
76,149.7530821740628,-120.55759106453328,0.0,0.10835019001251212,0.0
77,-90.28426571399507,83.02824769892436,0.0,0.5361141753766528,0.0
78,243.28841488862105,-150.68709902700644,0.0,0.30164285569558724,0.0
79,-99.2116320637194,117.75691379970107,0.0,0.029040169744318223,0.0
80,157.4739312799258,-182.59275792640977,0.0,0.6355589319496774,0.0
81,216.950023233364,-207.78831943769234,0.0,0.40650956977792707,0.0
82,-59.47938261168645,-67.34527538729895,0.0,0.2110693916345513,0.0
83,82.1388231580795,211.924484632943,0.0,0.5264925677820005,0.0
84,-107.76875689707188,157.63866708450507,0.0,0.12975149192696978,0.0
85,-135.24421500395158,-170.99742730870904,0.0,0.16033818110677966,0.0
86,223.5879777868824,57.999646711273044,0.0,0.6116598835654782,0.0
87,-148.96051353629684,187.70199819973988,0.0,0.7874482423574267,0.0
88,4.878955661843321,208.04614877400388,0.0,0.6826587388858849,0.0
89,-36.86333706159178,-58.88518467875815,0.0,0.23357713820061798,0.0
90,-62.75477680813779,-151.47795981466555,0.0,0.9569726460858421,0.0
91,199.38474189311108,62.10779371576223,0.0,0.4023108244750825,0.0
92,33.223967095371904,71.06183758769117,0.0,0.7236198492599576,0.0
93,93.70600952137585,143.2864920880573,0.0,0.23893802961868227,0.0
94,48.92896873674175,213.59317484493027,0.0,0.07904403308998631,0.0
95,200.89573248847745,-109.30168225213205,0.0,0.25833513616104276,0.0
96,223.00238630066053,94.65008256748587,0.0,0.5113759839491206,0.0
97,-179.4093685093809,24.344506848010326,0.0,0.18235798335716458,0.0
98,-191.35661073603765,-134.1216007346081,0.0,0.026228948934603258,0.0
99,-126.93232780160486,-228.31581190493156,0.0,0.7748423361584158,0.0
100,-130.482555821831,-10.46824114851185,0.0,0.24490827468418042,0.0
101,229.30312280766873,-161.50040287443096,0.0,0.7786581950558034,0.0
102,-3.103975246910295,-207.71586083060944,0.0,0.38637328442529884,0.0
103,169.4283092844779,-176.5337822918021,0.0,0.5466930767427158,0.0
104,239.0074165543578,131.04437078400696,0.0,0.06879429201733955,0.0
105,-5.249893496793675,-203.06379165452987,0.0,0.013399886319214183,0.0
106,-57.212165369318825,45.02993424853025,0.0,0.29904983275728336,0.0
107,-231.42571846725963,-215.9575388115956,0.0,0.9358305879633858,0.0
108,31.273196542677397,119.03357554544505,0.0,0.4381744106110892,0.0
109,156.50940554193136,-72.18407748784227,0.0,0.20102568721066272,0.0
110,-241.5039958452544,-1.0042299248758582,0.0,0.10174095925707793,0.0
111,-2.3692315302270686,-27.47734574075099,0.0,0.3958891527341081,0.0
112,-76.90708935841855,68.06561990328413,0.0,0.5136114861257872,0.0
113,215.13547996109054,-155.11359008264054,0.0,0.02765476710126702,0.0
114,-31.778039048819608,3.9173508977854397,0.0,0.8011819376261587,0.0
115,27.701281485393622,-188.90237984918534,0.0,0.0994368921929214,0.0
116,212.3551405505861,-208.6035548639461,0.0,0.18330608815420313,0.0
117,57.424888956683446,26.43952308132492,0.0,0.7322487921773325,0.0
118,-20.55246090710955,-112.8146614218052,0.0,0.03960248629279117,0.0
119,173.65937897051083,-146.0916869163263,0.0,0.4800839431870323,0.0
120,65.89875954049887,-134.54972744292064,0.0,0.6500485543290738,0.0
121,-73.1716532297977,-46.074809353018395,0.0,0.010011265417353421,0.0
122,84.38993949353363,29.51139570291042,0.0,0.9415790161684209,0.0
123,141.12304883114234,-99.43883817987108,0.0,0.14389860008288125,0.0
124,-201.0636725322766,-34.60485555689573,0.0,0.9022247426842621,0.0
125,64.89750496278293,210.99648942878417,0.0,0.7251172160682333,0.0
126,18.83435639411772,38.10581624060001,0.0,0.6127563481139194,0.0
127,83.14411304926563,-237.0544870079281,0.0,0.8880936647395625,0.0
128,-7.248459864177818,-1.041014143363384,0.0,0.7450576283913835,0.0
129,165.48215000233319,209.40802451906598,0.0,0.18576386449618076,0.0
130,-30.461102731146156,-145.76846665845454,0.0,0.9825170082553197,0.0
131,-218.3414769771369,-21.65425939095877,0.0,0.8743548850805896,0.0
132,61.09582921203645,-41.41405056275343,0.0,0.14410231132980156,0.0
133,9.18620443488885,220.49478950078418,0.0,0.017140281657950784,0.0
134,134.81247243327704,237.05444545214397,0.0,0.8347759976074939,0.0
135,107.88202266951367,-23.400092157128512,0.0,0.459233706578313,0.0
136,1.8855282070438477,128.18788530481555,0.0,0.05217635211477467,0.0
137,135.009539928038,-98.21590305551902,0.0,0.005631958099794443,0.0
138,118.79939649125612,-121.37042922175024,0.0,0.3309998901212273,0.0
139,-77.14739605000625,204.64780853719424,0.0,0.5960817263042771,0.0
140,-197.62334099489925,133.07109733297978,0.0,0.6700429692136688,0.0
141,129.902850626467,-135.9654311752194,0.0,0.3894285128340661,0.0
142,63.0101406614865,-36.64014359560781,0.0,0.7839934189716381,0.0
143,-204.7436779481009,-134.09116696872758,0.0,0.9182826000985762,0.0
144,-26.497749253798673,29.127856056484347,0.0,0.6770601634172563,0.0
145,97.2500307162469,-41.94202081004599,0.0,0.9050662111044575,0.0
146,201.89122329416637,228.26939386327803,0.0,0.37385945176975055,0.0
147,232.00158367314077,240.44364490037952,0.0,0.7441037494218415,0.0
148,-25.387158568848434,218.20937104356437,0.0,0.2296651775785401,0.0
149,205.2821256462717,-103.09170379793525,0.0,0.851408672719894,0.0
